date,oi,prod_merc_long,prod_merc_short,swap_long,swap_short,swap_spread,m_money_long,m_money_short,m_money_spread,other_rept_long,other_rept_short,other_rept_spread,nonrept_long,nonrept_short
110104,870690,306453,555727,182128,56589,113708,133347,11814,52565,12563,15355,33079,36847,31853
110111,923823,336994,593477,176039,49005,129431,141186,12787,55638,10265,14198,37800,36470,31487
110118,956157,359855,580864,157677,52976,147414,138224,17331,63444,12575,14818,45574,31394,33736
110125,964590,389145,564546,150305,47785,145120,126763,43819,63877,10628,14155,47555,31197,37733
110201,943627,360442,549275,142069,37986,150587,126640,34135,66671,14690,12881,45023,37505,47069
110208,908324,342472,542600,146806,40438,138680,118299,38715,61432,16782,11473,44985,38868,30001
110215,872385,312887,524914,153371,38255,136188,114968,28267,68264,15845,12411,32615,38247,31471
110222,871994,311659,526580,151221,38305,135628,116028,30722,65159,17235,11695,34161,40903,29744
110301,882247,308681,554193,162553,34987,123216,122341,24462,69079,17030,10042,32152,47195,34116
110308,843949,287800,514221,160771,38625,132315,110701,24029,60445,14180,9172,40497,37240,24645
110315,844342,294400,506483,166431,34447,133077,109431,36898,60631,10006,7619,35448,34918,29739
110322,859364,307161,544184,173270,40578,124820,124289,32804,50020,15718,9130,30969,33117,26859
110329,854876,288750,531717,175975,41464,124829,125751,27987,53845,14258,11115,35672,35796,28247
110405,922118,319669,563874,181860,48237,132702,130153,24522,65437,12474,13758,40887,38936,32701
110412,868450,293653,517572,177965,46217,121991,116544,24678,65925,14533,17537,39087,38752,35443
110419,846225,286897,481766,160959,51920,120915,115221,33732,69327,17722,16202,34470,40714,37893
110426,840097,277740,479147,162659,49534,126701,116278,30422,70226,14596,16216,33476,38421,34375
110503,830331,280373,477119,154172,49443,133812,113729,26332,61513,15793,13449,37863,33076,30800
110510,893729,329671,518208,165817,46922,132095,111214,39126,60679,13469,16162,47165,33619,33372
110517,868670,307424,501581,181577,40302,126465,93168,41565,65782,13009,14866,43924,37321,34185
110524,844663,288077,475772,176054,38412,125306,94491,46501,64650,13793,15836,45031,37261,33155
110531,874507,297640,494149,172999,41170,132504,106767,43179,70073,13658,16244,48300,32566,28888
110607,871465,284985,480582,174963,43197,125440,106126,42699,74443,17290,19982,47796,40422,37326
110614,860564,266240,452767,169716,50594,127067,111357,40936,83860,17490,26407,42957,41877,35976
110621,814890,271286,417335,167285,57736,118714,89058,49667,74408,10295,15697,44887,38957,36446
110628,776198,281637,425304,170116,62684,95211,87831,49301,64306,10915,11526,31540,34642,36326
110705,790163,282287,449361,168681,57665,98514,100233,37539,57921,8762,12757,35963,37802,40443
110712,800395,274659,455030,171441,62329,98953,108096,32098,58307,7747,15733,39453,41739,38492
110719,790601,267320,449214,159175,63605,98646,113782,27762,65636,7228,14865,36288,42526,34585
110726,809698,276452,461160,154049,64373,102656,122240,29072,66433,7120,13892,36895,43853,35217
110802,826483,277172,468441,155206,59888,102965,126312,34318,57299,8589,13691,42939,56001,46942
110809,791254,288243,425909,150495,53676,107877,94296,43839,61242,7293,15333,44781,37027,38597
110816,761371,265638,395238,153911,53582,110431,92146,47360,65562,7516,15788,42682,23485,30728
110823,765757,264387,373770,144855,61288,113348,94130,55484,62808,6252,16926,47256,32721,34877
110830,784910,279899,399403,138817,67494,110687,103852,43264,62498,6199,16816,49989,32969,34759
110906,856986,325655,441744,128870,72598,121566,115881,46354,61773,8033,19163,53293,41915,40495
110913,883863,363892,464031,117700,78424,135908,117980,51316,50810,10978,15477,51438,35157,36459
110920,853013,325771,425514,113785,78212,142720,121294,51317,54220,10740,16324,49093,35390,35613
110927,889700,367135,422644,111206,75068,155346,105098,61784,57621,8377,24371,51412,33505,41454
111004,894023,387525,401719,112218,92019,134746,96801,72025,75766,7571,30512,54044,25352,33192
111011,913294,384503,427392,122612,88213,139707,98527,62583,74517,5971,28207,52542,34915,40133
111018,945491,371652,429370,126326,104578,141893,114069,64365,91108,7268,25978,54749,38426,33450
111025,963954,380423,438785,128467,109972,138849,114813,70826,93081,8119,21628,55755,44447,35058
111101,948129,379437,450736,131544,104836,138128,113635,62423,80396,7764,18729,58030,39195,34851
111108,975810,362598,439345,127439,112660,143561,121733,60174,107272,10559,21162,51837,50811,39799
111115,948881,352620,394642,116421,137073,144817,123354,61240,108657,11437,22696,51476,40099,28280
111122,912569,349690,399148,119103,124665,136194,111670,56031,104605,6902,17375,49955,34450,24596
111129,914717,340983,397323,119954,129309,138302,117346,46603,106110,7694,18670,45418,38910,32982
111206,920893,349054,418679,122800,132510,125530,123151,37635,99413,6636,16027,53017,41292,38082
111213,902040,348748,426054,126498,125820,127574,124576,45644,82855,8060,15882,46886,36843,31325
111220,869471,329220,410029,135478,115795,123839,113315,47921,78859,8724,16976,46287,33749,29765
111227,881066,324965,430655,138971,112657,126381,124288,45516,78381,9831,16201,43516,34733,27759
120103,912186,311217,436503,140101,116693,118241,138452,44137,99489,10429,14416,48681,45576,34026
120110,951045,325653,460415,143170,117254,119634,144863,54312,104924,15012,10127,52545,45244,31834
120117,952928,306573,447070,160284,119573,121333,142246,59169,102507,17240,12755,50741,52004,39780
120124,984053,313826,461777,164471,114277,130049,145227,62362,111189,16442,11187,51398,51451,41814
120131,1000765,330196,485854,166399,111904,134224,141629,57212,113760,15679,11447,53496,45382,32868
120207,1051880,380155,538759,160027,110200,140209,138071,49365,106156,17918,12951,61553,47791,32687
120214,1051943,372551,536694,161715,115444,151076,145160,48457,96918,22520,13322,54493,47510,35539
120221,1045430,356574,538084,158272,108802,144692,150892,43914,94747,24154,13397,60241,55858,41553
120228,1048164,353954,559444,161937,104373,144452,164648,42360,98570,22324,11042,54567,47712,33356
120306,1072169,372901,574116,154526,104540,155151,173319,45225,84021,23726,12028,59394,49131,37694
120313,1105234,372374,575879,154228,106524,169031,178105,45153,87719,22334,12174,65989,55454,42765
120320,1072435,342895,544497,145489,104300,178461,179217,47340,86764,23782,8134,66759,49068,36180
120327,1100677,343661,554986,143958,109671,187291,181018,42653,95282,31841,7944,71454,46172,31396
120403,1171142,376529,577259,154854,113480,195086,177613,52537,95408,39487,14711,80125,52040,42536
120410,1221764,390870,577962,159903,115569,204143,168090,58616,99404,36194,11258,82339,80821,72473
120417,1173628,381524,574563,167668,114823,188515,164223,56125,107847,34596,9448,86113,43142,36194
120424,1228342,422844,609620,162422,106278,195142,164091,61700,118505,31839,10398,89061,44438,37638
120501,1239919,428858,628454,158659,102702,195020,177355,62128,119516,31249,12730,89724,39538,29645
120508,1281051,462107,641858,166889,93438,200981,156565,64096,119825,23899,15877,103439,47346,41537
120515,1235108,434616,594666,166179,98894,204160,144971,61498,110449,19443,13868,111491,43799,40082
120522,1198035,427205,584420,167343,92594,190451,138944,59549,109704,16764,16136,107513,40111,37668
120529,1227673,463265,614381,174447,91211,189051,134839,63193,109158,15733,14045,101393,39787,45241
120605,1242535,479362,622942,189623,96708,197669,124772,67469,104181,18782,18717,91009,37137,43840
120612,1243060,482774,630213,198578,98111,189051,122098,75332,90334,19377,11177,90050,50798,58792
120619,1208441,482584,624214,190839,100600,178780,121740,76095,85515,20238,10550,83935,44810,48752
120626,1197217,488924,641249,209420,95638,160568,118186,80370,77908,17106,12692,77598,47507,51194
120703,1183435,502297,661129,213902,100275,150836,116231,63044,66356,19503,24592,64572,49738,52631
120710,1180903,508921,663213,210664,96599,149670,118875,69755,60750,20975,27574,66505,44543,46837
120717,1153447,488609,662448,210371,95755,144712,122817,53736,66995,17461,26282,60481,42001,43038
120724,1151277,489328,652666,201467,101727,139216,123261,55110,70611,20725,28859,59761,46908,43327
120731,1172822,489922,665532,193741,96522,153565,123354,44682,79347,23090,29543,62640,47163,40991
120807,1133579,448337,620415,194846,103634,148598,127468,44177,76059,25063,30764,68611,44597,41321
120814,1135381,450415,625186,203511,102415,147751,128997,45934,79195,21604,35641,55847,48061,43412
120821,1120047,428521,612585,207707,108814,137126,138308,43860,80880,21726,36870,59824,45955,40088
120828,1135565,446203,616104,207019,114676,141114,142216,48378,77691,17498,40760,55250,48574,41592
120904,1172075,474184,627486,193535,113190,159682,144549,49826,74413,16732,46174,63572,45408,37732
120911,1194127,504183,631938,178578,130057,156775,150846,48075,73707,16884,42972,65232,47922,45371
120918,1196349,490931,592173,169070,150391,160576,150727,50336,84621,13612,46354,71633,55179,40265
120925,1169940,498952,598923,180929,150391,156400,143151,42600,71467,9027,45172,65102,44912,39885
121002,1157377,485761,590539,179845,149887,157619,142953,35189,73876,9310,46899,65006,43007,38362
121009,1202868,518608,634385,183221,142913,151480,147431,41408,74068,10442,46448,74027,43591,38139
121016,1222242,527330,624429,177443,157454,151062,153903,42692,76472,15351,49512,78869,41812,41752
121023,1219505,547639,622558,190588,160600,145230,139461,53037,73158,13464,56157,77410,32555,31355
121030,1232370,547234,637040,200762,158018,147251,137481,50972,74109,11015,52452,88239,26279,24289
121106,1263466,565184,665744,206907,148723,156526,129302,46295,74506,12946,53548,77568,40527,40556
121113,1272487,588245,662237,198917,161398,157196,126033,50125,74270,11509,49826,84887,31430,32548
121120,1272870,574830,668461,203830,166724,152957,134974,40241,84270,12739,51788,78557,30713,29872
121127,1290690,576932,672094,205833,176941,147502,141869,36190,87128,15152,54598,84310,31964,31927
121204,1281132,542974,655405,203668,168305,153571,145977,35810,77772,13988,52281,96742,46440,41246
121211,1315011,571767,678419,210500,158248,158365,133564,40804,97043,15340,54024,88854,39578,39254
121218,1277613,528185,641991,208355,164550,150778,140423,35439,102348,15334,57870,91793,40397,32844
121224,1311476,550759,676142,212333,170175,144771,156990,32502,96058,15279,59272,92814,42472,39742
121231,1285300,520351,667697,212946,165649,141323,167623,30051,93672,16129,62082,94434,38822,30392
130108,1318295,510279,680145,221224,171379,147615,185105,37404,95726,18088,65639,96758,43500,23629
130115,1352453,517421,696372,236465,163903,158698,187800,49707,99898,21111,65454,88537,42523,29884
130122,1389986,534990,731458,237974,163415,154017,196309,48497,110941,25840,62716,92619,37296,26323
130129,1463703,559953,786689,242629,169399,163103,214886,42258,117365,32188,61455,93207,40372,30227
130205,1484993,547637,785089,243936,180370,169149,227332,43440,104161,38460,60959,109727,44591,32098
130212,1545620,584287,810284,243067,178994,180103,223916,41973,116516,36824,65764,126890,34017,25096
130219,1527458,581097,806010,240697,172316,180552,227132,47812,116178,35682,68781,113311,32809,22498
130226,1522411,598219,791347,262632,180728,162744,207178,57743,122629,25591,69093,113560,29858,24567
130305,1570668,661431,858026,278548,173286,157551,184726,59308,125843,23174,61418,109654,29741,25582
130312,1546800,628708,827155,282959,173523,154908,179682,65069,131335,24621,55381,109148,35439,30281
130319,1468976,578442,787424,291301,166619,154697,183136,62008,114372,17251,55374,101583,28194,26899
130326,1469320,560337,795392,302898,156610,144585,189497,62763,111917,18701,61122,108617,32768,28314
130402,1491814,569879,832235,309687,149830,147944,198944,62059,110360,20188,62563,94694,40118,32129
130409,1511363,609186,857749,321465,138746,151403,177176,67811,112771,19546,63178,85693,34123,34012
130416,1464462,558348,809372,331816,135494,147551,168991,66916,117783,19462,63604,89669,30842,34073
130423,1481941,545964,824935,355100,122116,150424,169621,74330,120435,18784,63162,89908,31705,36631
130430,1572795,594408,912330,358181,109118,163564,180440,72241,131097,26042,63127,101009,18054,20309
130507,1584024,588972,930693,362784,103373,168690,180308,57854,136986,25811,63482,90907,29566,32039
130514,1565396,565797,906442,350382,96352,181995,179960,52364,132787,27149,64963,100244,27082,30249
130521,1534378,534729,875734,345148,110583,181217,194614,51449,125330,28479,68749,92289,32572,29027
130528,1514693,516141,861443,341432,113611,174682,209961,50351,125445,28661,70337,85171,33200,33653
130604,1540730,537808,903835,349364,108692,175469,215234,49516,128490,28019,66527,75963,30383,32238
130611,1531353,542368,896009,347524,109427,173243,210860,54553,125734,28470,65407,74158,28996,32822
130618,1540186,536717,915980,342925,113970,166617,231769,49834,123055,26618,65044,77907,34578,27779
130625,1515803,553738,898101,356551,110865,163093,192244,54688,135397,23130,60320,63543,28107,29796
130702,1558986,583170,944255,363390,108417,164474,196157,52011,137692,20915,58197,64321,28867,29619
130709,1545826,550061,930537,355393,110970,155004,217685,49146,135098,26292,64945,68433,37860,31693
130716,1545272,554790,946736,350178,107023,158355,225965,48090,119487,30708,68759,73593,32196,23229
130723,1539693,546435,925925,339262,121821,159438,237401,45356,126511,29115,67165,68134,33397,25343
130730,1520713,549915,915959,340588,124106,157247,236058,51341,118334,23129,69370,62206,33236,22150
130806,1576403,578184,958775,339423,121162,156313,239274,46262,125419,27516,68169,75830,34444,24473
130813,1563666,561252,948890,341182,117415,158203,239335,48622,126994,23183,62198,71442,42075,29902
130820,1518337,520866,911864,322697,125989,166319,252001,48206,118730,29683,61981,65681,42360,19567
130827,1528597,539778,935857,312363,134310,162086,268226,43884,110414,28905,60207,64006,42819,17833
130903,1532771,549375,933099,307260,132029,161698,260811,46575,114871,28452,53147,63029,47275,28323
130910,1509941,551757,914937,306156,130215,153509,253438,50850,114959,25230,58564,58700,46192,28207
130917,1456140,512296,863269,317189,135866,146139,242952,57072,106212,25421,56436,63205,42726,27941
130924,1486002,551558,873665,323764,155550,143450,225345,57474,114154,25377,53344,63528,38826,24837
131001,1514280,582100,888401,321032,156410,149818,219837,59183,114673,18873,51737,64528,43419,29530
131008,1569399,618511,936650,325231,155780,146806,230408,65222,115406,20310,52050,68886,43841,28599
131015,1535398,605327,912181,308873,149977,157666,226666,63694,109333,18494,46921,68070,40969,27556
131022,1479721,531851,848852,323207,139437,149312,234744,81564,108727,19501,48459,70135,42244,33235
131029,1460661,540697,846973,338985,132101,135594,219283,94641,102715,16865,47511,68415,38107,32711
131105,1461869,564199,841656,337260,135798,136196,211223,101018,90120,16632,52684,70137,36102,34260
131112,1517633,622678,886801,335886,122632,152391,192739,103483,85036,12138,47805,83716,33049,35769
131119,1518289,620024,877467,317624,131409,154584,205283,97990,81223,16026,54259,89294,34231,32063
131126,1546748,619833,901305,322067,129733,154303,223234,95266,86109,16651,57117,91162,33389,31753
131203,1551308,626798,878909,289541,129120,175139,224355,94280,87101,16905,58811,92624,38845,35324
131210,1572940,666661,895524,286699,129996,174141,221138,104863,85176,13009,61438,93861,32255,27941
131217,1499310,637214,840961,287819,127443,157637,198952,110504,71238,11265,59530,96128,39057,35869
131224,1436241,594001,815329,281974,130412,153002,212344,88605,64191,14259,73681,81894,34576,29127
131231,1442907,589647,811368,280309,135716,156305,218558,87842,61837,16123,74440,83507,36621,31892
140107,1444153,598331,799672,290817,126788,159037,196336,102998,53670,15095,71436,96289,34578,34263
140114,1454277,598280,801174,301386,118361,160749,186211,103044,67941,13504,72596,91498,34708,38914
140121,1466531,581417,809301,316201,116974,159219,193591,104069,73422,14507,72613,94228,33946,36705
140128,1476358,604050,825786,308979,124839,152280,207109,108766,66059,13261,71154,91055,33565,36419
140204,1494756,623087,829314,311632,132241,158856,203114,116691,53646,14521,69258,96841,33059,37909
140211,1505087,592247,816261,297270,130281,162345,222129,109321,60647,14314,76484,119961,36174,29787
140218,1502814,569185,790380,297783,135929,160243,232067,105586,70879,15139,82587,121470,36048,35740
140225,1519265,566341,808463,288074,129110,166070,244977,99074,80787,17739,83031,117463,37814,35267
140304,1564830,613213,857119,288324,133986,152843,246239,93352,88187,16836,85512,122239,36949,31592
140311,1551672,625606,869934,291551,124723,151926,229970,89806,84237,16159,82172,113589,38634,35285
140318,1477704,579633,823506,283543,122385,153117,218125,77208,92183,17109,76769,96519,37475,36017
140325,1474992,577590,823541,288243,118007,147768,218640,82655,94306,15876,79498,96489,36080,32728
140401,1509421,604591,842973,280732,116759,148035,219151,85565,102425,16703,78158,102685,35099,32821
140408,1521521,609874,871248,290919,113633,153534,220815,80291,97985,18615,78679,92581,37198,33570
140415,1491344,588386,892315,286691,109713,145949,241255,67590,91103,23144,73634,81136,33680,29904
140422,1497512,585544,899865,282669,120969,137344,253996,47425,99671,22523,78999,81187,34578,32052
140429,1488670,589980,905606,274872,120736,133380,254383,47490,92777,20891,77009,83642,38745,28030
140506,1540545,634931,926920,282393,115357,141801,232827,60497,84314,19975,75413,107461,36843,28782
140513,1553872,641293,950211,284483,105039,147550,240156,59850,72858,21331,78670,105058,41143,34636
140520,1535772,603505,941390,284619,99131,142978,254356,49700,78884,27834,88446,107219,36377,28024
140527,1556101,620410,967133,276691,97812,149078,258520,42495,73131,32267,86051,106943,39061,33458
140603,1577649,635596,986341,280753,90523,151676,253764,50215,70944,33038,83301,113844,38034,30805
140610,1582669,626984,986588,283316,84583,148747,257453,53919,74799,30525,78982,119790,41055,35261
140617,1590022,617639,994595,276978,87921,155186,273015,50059,89407,34499,81188,99386,43912,32280
140624,1653859,649667,1036188,274220,94366,162380,289479,49038,96131,37043,84973,98364,46575,32419
140701,1619559,603225,997434,270035,86209,170425,290992,50900,106286,33985,78786,91617,52994,37902
140708,1583377,604058,966983,280957,90864,162007,271986,60025,93637,29231,77672,93998,47503,38191
140715,1413073,503813,834136,293012,88084,146297,237134,73387,65023,30564,78276,98721,38509,29149
140722,1354585,485713,796596,300813,83882,144765,211590,82971,63678,32980,75136,79291,35755,28266
140729,1330224,455579,764375,303272,81873,148479,210223,80008,73070,32019,81549,73320,34262,27550
140805,1324964,450889,731712,295758,81990,146407,207054,100578,74633,30359,71237,87559,32305,30848
140812,1325400,459476,720502,299159,78950,142498,199980,121470,70465,30690,68585,92161,30971,30769
140819,1319119,450018,702395,314533,76994,141609,194773,127442,79945,30849,78622,78328,29064,33784
140826,1339866,445637,711425,314219,64753,144743,198043,129625,92845,32529,78958,80852,30998,36665
140902,1379981,461907,734288,323182,63423,140109,206560,140619,96662,33176,80282,88185,30200,36413
140909,1409506,483182,766696,329022,61388,137745,201762,130589,106266,31024,83477,90904,29601,32441
140916,1362620,438798,736338,345528,60853,134105,201789,132753,106111,27721,81241,79096,29472,32123
140923,1386254,462626,735247,347348,58672,135086,196330,152612,105413,29148,80015,84190,26113,35019
140930,1447404,472552,742753,349032,57651,128698,201307,163923,103594,25757,78509,89303,77161,82973
141007,1435710,456469,745961,359734,51836,144951,204007,160058,101901,27579,76159,94336,46733,60508
141014,1475374,476088,766959,355378,47524,163373,200040,150027,104449,28375,80087,97572,50099,65383
141021,1458024,447264,735020,371935,51933,152427,199194,160723,117259,27681,84620,99260,43004,56782
141028,1492124,462179,758233,377295,46461,151031,201987,160534,130601,26258,90424,104817,37956,50023
141104,1501447,461606,743040,377289,49853,156581,204499,160305,132400,28561,95578,111424,29087,52266
141111,1439621,425163,730254,365571,46341,136807,207758,140426,132111,27219,103363,96164,48828,54155
141118,1404813,410512,710319,366724,49762,129693,206111,146356,126095,29327,100165,88372,47979,54051
141125,1450114,434143,740819,378301,49302,126803,213486,151141,123151,27205,103834,97929,49096,57135
141202,1527321,468456,791336,376189,59989,138614,223265,133149,122516,28366,103458,111725,58190,66534
141209,1510773,439072,750639,370999,68795,144813,230266,134787,126776,28045,108325,123636,47166,53002
141216,1492374,403289,702617,373305,98979,151745,248268,108687,135154,28649,122881,102405,49559,69906
141223,1498471,408357,725643,385115,96694,149174,233373,115911,133493,33658,120433,103628,51673,53495
141230,1502619,417921,734333,384770,102670,145209,237816,118796,123272,37426,121538,111195,45010,45606
150106,1541583.0,414435,754077,387550,119356,141039,259730,117444,131612,44617,113788,103955,58645,60312
150113,1654330.0,453688,821802,399434,106175,159069,280499,137748,144010,47262,113964,110093,60275,61469
150120,1694095.0,465841,831821,429464,103950,170555,280668,152867,136198,48353,131302,113359,49657,54043
150127,1753084.0,487592,864083,447110,104256,173673,282937,153197,144337,44189,143018,116497,56749,54023
150203,1837660.0,524126,909219,475010,98063,190484,275747,151248,152646,39084,155799,130247,50316,49954
150210,1824464.0,520538,931118,495831,102846,174495,278154,125919,141992,29894,159425,133894,49666,54775
150217,1811430.0,536487,965043,499039,106581,163992,276685,112436,125071,31481,152356,135913,42762,50038
150224,1819894.0,547692,971766,494536,118489,150195,286279,109339,124745,26226,160136,139080,51141,46144
150303,1845016.0,574831,993610,490823,126610,140755,297800,109390,114442,27114,165806,145284,53967,49119
150310,1888353.0,596122,1004323,483259,125140,141057,302061,118329,118400,29360,164236,174191,43903,42677
150317,1892569.0,603258,1003106,477717,114694,132070,296102,110304,135288,27088,173918,168559,52487,54630
150324,1909254.0,606930,1034949,489580,113741,129928,295381,102083,132816,27700,167865,173515,53404,54357
150331,1964341.0,630843,1092540,490227,110113,137173,323949,103723,131304,30677,172090,178046,42122,39352
150407,1989767.0,651825,1128002,484663,106477,138774,330184,92711,145880,31627,172813,153863,52951,51247
150414,1989782.0,641548,1160836,465835,100290,156686,342901,77684,126856,30916,163648,156999,68041,46783
150421,2025465.0,687394,1202194,479455,104233,160304,334882,65288,138193,32372,171154,144185,48680,39914
150428,1993521.0,644794,1177788,478688,91279,158997,346286,68695,125801,35833,176381,148102,55020,46478
150505,1964823.0,603241,1150958,478939,92437,167202,345826,54093,111625,41651,173492,154473,61866,60543
150512,1845418.0,548538,1100827,484786,94668,130432,327501,46657,103268,42741,157681,155846,52306,56039
150519,1728354.0,484735,997992,489611,91329,122744,294397,51339,101842,42659,160976,143732,48634,58400
150526,1721978.0,484911,966983,483376,89410,121276,283690,60874,112891,41163,158025,145848,48823,66671
150602,1806078.0,557077,1032332,481672,80786,121203,267627,60151,118143,39567,155647,162920,57869,74896
150609,1820804.0,579353,1051921,476844,79384,112824,270024,66561,119191,45846,160032,179217,37505,51674
150616,1733342.0,532505,987839,469131,72696,102387,267629,72407,110390,48832,170290,168591,33877,48742
150623,1776527.0,565735,1017400,489556,90228,104329,276171,82409,97003,48798,177477,149603,45332,58078
150630,1826364.0,588953,1035097,480680,93067,111336,287323,86857,98355,49253,181812,180234,30230,39606
150707,1850822.0,600156,1043223,475380,77719,131986,298194,90253,102781,42770,184586,153963,45592,66311
150714,1839732.0,564463,1035143,484835,74374,117867,314325,86812,112165,47253,192622,156594,42230,64155
150721,1798520.0,553610,1001427,485250,74996,114588,304124,89517,117768,42970,199083,139929,40281,61212
150728,1845725.0,601133,975921,474562,93403,117736,280152,101462,139063,39787,207471,149732,43560,60937
150804,1887660.0,627896,967475,480190,96883,117343,271186,121132,140258,38058,212048,166344,46385,66177
150811,1904318.0,656825,970692,488870,88277,112501,261175,131101,135836,35170,228263,166208,47733,71440
150818,1875491.0,608935,926926,491837,91124,111025,272076,128700,138719,35461,245984,182928,34510,50085
150825,1919729.0,634882,940576,496414,96593,105628,269315,124073,155681,33514,247042,176637,47658,73499
150901,1938554.0,614849,944818,499936,93069,127873,264239,119218,156870,41129,250655,180305,53353,65746
150908,1985929.0,665379,1019723,498779,89905,134170,269022,97068,154523,40030,247885,175840,48186,66815
150915,1992876.0,672213,1018564,503231,92983,130532,268688,105134,159874,37879,254251,179780,40679,51758
150922,1981758.0,661919,1024633,507567,93330,123953,281675,101673,155019,37018,253912,164591,50016,64647
150929,1991532.0,649617,1006536,499497,100019,129376,277648,101753,162119,36070,247106,181211,55994,63412
151006,2080368.0,673671,1056993,506791,101436,142955,286274,96870,170983,40795,248344,196074,62825,66713
151013,2077009.0,669715,1077160,498806,96433,143453,293112,86036,168340,53180,249983,189474,60929,66130
151020,2088235.0,706118,1087558,494718,99285,145904,289637,100444,172375,51781,248188,173051,54651,61430
151027,2165300.0,745588,1107104,492112,96688,162928,294027,124590,176748,55189,250318,193332,45376,53592
151103,2219963.0,784824,1178809,502499,91170,161312,303424,115559,162959,50299,253306,194125,60521,62723
151110,2114179.0,736699,1143804,487791,78169,160200,312939,110696,138043,49328,249354,168911,60268,65002
151117,2140583.0,737177,1154054,513834,69570,143111,311817,136484,152162,57512,257674,176821,48149,50707
151124,2176977.0,742952,1171657,523258,75586,145975,322278,127622,160892,59665,264708,166671,55286,63866
151201,2161700.0,733587,1145279,519518,83450,143873,314662,127049,159678,58949,265869,176123,55310,60379
151208,2134049.0,702531,1102367,512990,93932,147437,318166,119715,155586,61787,272193,178989,56563,63830
151215,2066876.0,661219,1036308,501884,88094,157067,301228,124027,155251,60934,275929,166915,62378,63285
151222,2057181.0,674492,1027332,495088,100699,144922,304246,131901,153786,60949,273582,169122,54576,55837
151229,2059408.0,661530,1003452,493591,104585,151167,305155,137740,164007,62235,277936,167313,54410,53208
160105,2014596,597380,958711,491877,105363,143324,320370,132627,167005,65598,281765,173090,55952,52711
160112,2052380,602179,993718,499311,108000,133808,333339,129083,166615,75325,288566,174428,67375,58162
160119,2127444,597726,1037295,522845,97824,154328,344728,129080,187168,87069,291400,173993,59587,56356
160126,2126558,575275,1071359,549326,103755,140511,356850,102830,197757,73057,279734,171828,61954,58784
160202,2102830,539152,1073261,565185,112343,127347,380712,95383,178916,74511,279847,183353,53654,52380
160209,2127888,570474,1079438,550421,109747,141406,359631,96290,193346,76624,274853,179345,56641,53463
160216,2175124,568765,1113565,558042,101040,164643,365440,88087,204766,76008,267270,178994,58466,56759
160223,2240739,603241,1215461,566583,80905,153806,385886,75182,208217,83136,270872,187230,52640,49066
160301,2166209,545920,1205651,579341,76376,134959,397562,71471,189748,88419,264547,176319,53941,47138
160308,2175275,570715,1249477,587548,69675,126671,379298,63239,199459,96626,260596,159293,55665,46865
160315,2148230,544284,1240009,578684,54415,130170,385043,54142,200766,91375,257901,163361,54547,47466
160322,2198058,588664,1300005,581988,53677,127953,388385,44228,200580,90115,253413,168989,51384,49213
160329,2158312,579055,1306028,564721,44730,130165,393522,45168,174129,91658,250143,160170,64892,47779
160405,2172294,571291,1312048,576128,38592,125785,400937,50116,181955,93798,246503,167264,55136,50031
160412,2318388,653173,1437332,566389,35430,137071,422618,30546,196460,92636,246981,184931,65110,49637
160419,2315538,642173,1436046,552127,27539,157660,436168,28046,176548,99142,249582,201969,49751,38148
160426,2304906,647047,1434227,556208,30166,151947,437232,28522,178136,88631,245754,183485,62220,52669
160503,2168567,574473,1344059,558362,28733,140499,415223,34171,160845,83192,239187,176978,58995,44095
160510,2149784,575457,1320815,569718,25412,135706,389751,39578,161027,76375,238288,187822,53928,41136
160517,2222051,592297,1371918,574459,28271,150922,406864,23174,169704,75535,241966,189336,62934,46760
160524,2240011,599471,1364748,561522,21638,153990,401134,33433,180042,74261,233765,207868,61723,44527
160531,2190724,558480,1335551,555957,21254,158761,404729,31378,179254,79672,226716,197177,56694,40633
160607,2181360,543700,1303977,549681,24502,156512,414896,36406,176110,78765,232438,206077,55619,45338
160614,2240244,600838,1342902,542150,21638,169765,412659,46291,175488,76602,229623,203471,59271,51066
160621,2246618,575936,1307266,543965,21986,166977,405898,50547,197124,81825,232186,217582,57311,52950
160628,2213587,595333,1264851,514347,28302,182024,388663,53678,203178,75150,232727,199920,54972,48907
160705,2186047,564391,1218158,517758,30385,184834,384906,65536,199129,76266,233809,205519,53244,48677
160712,2211694,609722,1257531,515765,36338,182671,383777,68069,187859,70402,228224,204458,57040,46544
160719,2238396,621660,1265930,513198,37230,190872,384641,73602,190646,79397,226975,208299,49683,44842
160726,2193999,593415,1214862,521987,38086,171225,380258,86327,199249,82030,237406,193905,51930,52939
160802,2141895,554082,1177718,544198,26228,154172,383478,123141,192097,76285,234987,186588,50995,46964
160809,2197866,593094,1255603,542721,25861,149245,396594,102803,200461,77622,229337,181721,56408,52835
160816,2224359,581579,1305340,543612,29015,156999,419572,62566,212414,74983,228011,179299,55901,50715
160823,2280200,602333,1343608,514819,27098,165776,443894,50563,218117,81992,227740,194777,58492,52521
160830,2166947,538576,1269611,500210,31067,160814,441703,48816,213482,85438,224751,188848,37876,29558
160906,2103831,499370,1217085,516122,27132,148101,424879,69649,213947,86836,220605,162905,51671,44407
160913,2129325,530099,1247864,511176,27389,154608,420704,63437,203698,91051,217193,169453,48536,45683
160920,2139929,542283,1226142,516061,26975,154863,388609,78510,220815,92048,211012,174846,50404,46766
160927,2152737,560645,1217728,521550,32992,152688,383721,88661,208193,88497,214548,180858,56585,57069
161004,2152944,534231,1262491,506235,32429,156870,421748,56062,203183,94020,209376,197263,39394,35270
161011,2147533,505616,1253919,500167,44720,159454,449110,43668,194030,89316,212714,195542,54298,43486
161018,2194353,527562,1259655,506750,53144,164888,448733,51019,210695,87571,212210,195446,52708,47296
161025,2206587,505230,1227560,518751,51349,154070,441251,61440,249418,92526,218787,204273,41068,39690
161101,2119541,541685,1188672,507412,47071,131368,432873,92031,232382,61022,219359,164419,48380,44239
161108,2168154,581491,1172632,534091,37834,132281,408978,148300,221092,63964,221251,171366,54891,63398
161115,2258479,624228,1219544,559509,34748,147780,402746,161896,222996,68203,234050,158341,74676,79124
161122,2297697,629840,1248249,554985,31738,158234,429981,148304,256035,48224,233927,164294,56104,56916
161129,2186768,558270,1172489,536629,36449,149872,428739,125554,231837,50134,237430,198692,32595,34445
161206,2248546,547445,1276198,530320,38660,144121,495604,66749,247941,48386,249716,180407,54322,44754
161213,2284422,574695,1317744,525701,40418,140810,505967,54504,259133,55831,249616,177507,44778,44690
161220,2248102,526192,1276603,519960,38409,140962,469303,40047,298546,66014,240235,168478,58647,44822
161227,2219091,504043,1260623,502640,35587,142245,493745,47857,280728,76137,241495,161505,58048,49051
170103,2194242,484834,1245935,484259,32588,143071,499016,51080,281725,78080,234939,165978,57279,38926
170110,2244190,541246,1275998,477211,30411,158540,493613,52462,267502,78295,250972,164238,63545,44067
170117,2230335,510538,1248626,466159,34711,171309,495700,39858,274213,78593,254261,170497,63326,36860
170124,2352735,609473,1325197,463121,30914,187757,479588,37180,292611,78052,255947,181797,60336,41332
170131,2423159,652294,1380994,445093,44709,186779,517520,44872,297542,86298,247395,181572,56061,39296
170207,2424972,650617,1361324,438650,41529,198515,511043,48856,307066,87410,248655,174261,57410,44766
170214,2392038,594946,1334563,437122,39809,204406,522785,41723,303329,93578,249372,176294,59578,42542
170221,2383704,571051,1350804,439510,36629,197774,553253,43222,297153,95907,243105,172756,56300,42261
170228,2420895,619286,1375714,458213,36242,193632,525556,56288,297065,95750,244464,173274,58119,44216
170307,2368175,573529,1326509,457831,41141,192453,534398,64871,289841,92016,238760,174888,53219,39712
170314,2383433,615589,1326717,487452,42064,177231,504511,98541,266569,105523,234738,186788,39770,50785
170321,2476007,701215,1422028,488993,33281,190581,503451,105710,257510,108963,233298,182154,43140,51445
170328,2466975,717724,1424420,488356,26590,204263,473146,105535,251300,108502,227746,191466,32218,35655
170404,2379720,595534,1323379,484021,27464,206076,486751,92882,259212,106152,228638,196259,45715,45810
170411,2436208,619665,1382233,483900,26129,203342,499566,78098,277633,105237,235120,187541,59324,46112
170418,2466450,654948,1393367,460863,33665,212172,495938,80804,275695,117101,233591,199428,50305,37728
170425,2405583,667101,1342395,479185,26870,208871,444994,98821,262779,112961,236336,185165,44527,44346
170502,2393066,636307,1295468,489209,26702,198988,441156,131001,259432,129981,237799,199984,38009,43692
170509,2503604,704188,1363369,505753,26458,200330,431729,163742,262409,137343,234013,201820,60032,51463
170516,2536219,672686,1360360,526097,21071,211776,445495,164720,273799,125355,228677,229565,51446,46251
170523,2520481,666718,1393421,521673,24921,209338,448647,121626,270308,109775,223770,231584,62438,45513
170530,2431460,606978,1322605,515391,33158,198717,445758,111453,277566,97109,210070,235048,54893,42843
170606,2414912,604328,1266791,515734,35215,200532,443425,144897,249506,91172,223761,243702,66513,50508
170613,2459388,682420,1312812,511972,37016,183085,440322,162339,228774,85280,226547,257413,70122,51402
170620,2410990,660396,1255703,518158,33486,180746,396108,168256,229932,82513,221779,268340,74797,52748
170627,2398971,657076,1223288,510882,35756,186506,380639,174433,235919,84559,219687,272087,71303,51295
170704,2330552,615823,1192129,510732,37041,177435,397108,159249,237151,82978,226672,256034,53291,44841
170711,2307228,623528,1200624,497206,30400,176468,389740,151096,232534,93698,227562,243217,50837,45327
170718,2351065,656193,1229220,477514,29001,188356,402935,130728,250139,80407,228266,248270,47251,47085
170725,2377552,661569,1270259,477005,31769,187436,401963,101952,246038,85932,224729,266828,50781,48541
170801,2296782,639943,1268058,449557,20221,206258,431612,73057,207998,83327,241185,236454,41633,43551
170808,2346437,634741,1329042,445532,19097,197934,474354,57069,220164,85228,233870,242979,45505,46282
170815,2398098,671517,1379188,436131,17220,199548,491202,60090,233377,82985,226595,233733,49605,48347
170822,2336873,596950,1305414,443480,22321,192592,493631,62044,238508,80424,225465,238407,52881,52122
170829,2300658,559766,1277182,445567,23295,196455,493314,62490,239582,84170,225526,231364,50440,44764
170905,2280454,557755,1276789,442816,26254,194435,494210,64036,228397,89289,223467,225882,47670,41194
170912,2375675,638398,1366834,435604,31880,187191,510025,60889,233331,98943,232537,218392,53791,44621
170919,2409924,605301,1352189,407757,38421,206676,546741,59821,254382,107749,221635,233374,47944,43426
170926,2458746,648427,1405736,388906,46267,209300,583897,60196,254236,112823,225607,205687,55470,51717
171003,2358323,563153,1314938,383643,47183,205759,579351,55046,243791,108945,226357,214698,58983,50551
171010,2422649,607467,1341374,383845,47674,227544,564573,55175,246899,106660,222410,233039,52622,48534
171017,2488934,666770,1415399,387021,46004,234841,564764,49870,247930,111438,223520,222138,54032,49232
171024,2496270,670919,1430630,378483,45435,230118,575157,45939,249695,115456,224372,216541,59901,53540
171031,2462367,613239,1373069,367758,39755,225275,589418,42610,258155,111603,228548,243485,53434,51470
171107,2422103,561196,1351972,376359,39861,211064,592085,42404,254154,113377,212056,266442,47426,44150
171114,2512167,622317,1404845,374445,39223,226060,596767,48792,264397,111588,211652,267775,48818,49423
171121,2546280,666466,1433369,370157,42441,230220,580108,46794,260969,111157,209300,273939,53264,49248
171128,2451202,618563,1388030,379224,34473,211988,574060,44470,243409,107029,211123,267574,49355,50135
171205,2370204,561500,1333382,385071,32923,198345,582052,54255,247616,102149,216338,240451,53020,46894
171212,2335369,553132,1316302,378931,36464,199464,591090,53669,243874,97138,214615,215673,56067,55308
171219,2389038,602565,1347908,383415,35293,208305,581623,59198,255313,96067,224802,211044,50706,47175
171226,2400311,562379,1351873,387209,36242,206665,610681,54062,256826,112061,228571,210577,53913,55495
180102,2337981,515349,1313354,394862,38544,200815,617628,56738,246204,109318,235096,205932,47873,41298
180109,2411211,502246,1295828,392753,43565,207686,629610,61758,279072,109997,242937,237503,52344,42862
180116,2516769,585558,1352222,387164,47659,231448,625316,59948,281606,105116,246951,253660,46901,43275
180123,2602269,661317,1436819,373311,49365,245629,632922,53662,281208,102366,238702,252991,52525,43893
180130,2516759,604675,1391589,384426,53386,233567,618968,36403,285047,99581,234200,244799,45696,37768
180206,2396395,540914,1324738,382230,53242,223611,615118,33269,264874,97655,229440,219935,52058,47286
180213,2417217,571526,1317374,374625,51374,215780,584347,30519,254118,93317,238486,219223,104281,90343
180220,2381992,613315,1336553,394224,53845,204840,557592,32552,227916,91995,242504,227129,64981,56653
180227,2374174,607373,1329095,390724,58162,210743,571911,33803,222982,86536,248038,230547,53358,40804
180306,2292846,569525,1269791,389252,58512,203522,571550,40007,220435,82221,251668,208735,47606,40176
180313,2332532,623650,1311119,375641,62809,203541,574363,34233,221982,81702,253767,203391,48262,41690
180320,2422164,677183,1386673,378191,63231,205964,599562,38354,219598,81027,257830,207184,53455,43330
180327,2447308,662755,1423566,388117,68554,218076,624565,28969,199096,83095,248375,220025,51579,40647
180403,2391673,607637,1394340,403592,78524,195490,622174,21655,205652,85254,236218,215585,56289,44209
180410,2459397,628533,1453897,415925,71358,189294,634302,19687,226384,87104,230477,224238,53617,44062
180417,2505741,638300,1490896,417323,60587,208350,629847,22796,229963,91786,213700,241082,49090,38367
180424,2641212,732637,1602289,460230,89182,191120,624320,24679,231608,90375,205844,251604,59318,44886
180501,2550782,665521,1552231,480939,71238,173004,600249,25332,240683,98266,206589,235517,56603,46188
180508,2598309,673392,1545283,487330,70687,186272,579445,31040,270587,101752,205023,243712,55819,45705
180515,2703947,723098,1562128,482791,75729,213353,573057,54122,289805,99002,192680,267080,55761,49050
180522,2695794,684602,1499432,497876,68394,213064,540521,66655,320700,94948,190625,278232,65851,58692
180529,2642061,710001,1482099,475436,67694,215296,507705,72430,295049,101931,176147,270300,66343,63046
180605,2543525,704598,1410084,438566,67027,217617,490030,70082,298721,102136,192472,239563,52294,47959
180612,2561638,740822,1457247,427858,64406,200093,502154,64969,303048,101874,188294,232829,52960,50752
180619,2516942,687806,1433094,484966,63247,206926,499818,57639,289889,66359,184354,232417,48761,49376
180626,2410178,648098,1389855,502703,64567,183122,491429,58621,249209,57432,193951,224973,53212,45880
180703,2406887,620945,1374258,522879,70445,162557,484048,50090,280539,52939,196817,227156,55824,45025
180710,2399243,620302,1367787,521231,67670,163862,473856,47996,283593,53352,200898,225395,57652,42042
180717,2362365,638290,1318418,523392,67769,174049,412258,71243,269817,61228,188601,225581,57750,46887
180724,2355623,619484,1317895,529056,70562,166266,406374,51946,278408,67090,190248,235202,53743,45096
180731,2310543,605310,1324237,534584,67430,140682,397721,39736,277641,70759,185581,221069,62777,54167
180807,2288028,607151,1316570,525557,66057,137402,387947,43945,277736,73778,178351,220178,58279,47789
180814,2331228,653819,1353331,514977,65740,148886,378272,45066,288295,79300,173807,208805,58874,47298
180821,2318018,657660,1333025,504437,61685,152583,357969,39473,293868,80884,178338,210570,60047,48476
180828,2278580,610287,1316824,465521,46496,171726,411733,29981,268225,79575,184918,206075,65438,54335
180904,2199848,564595,1273849,464257,49896,163521,440530,30270,248010,73029,198846,186026,59880,49430
180911,2223784,584667,1302321,467299,53107,149790,459740,26253,249374,64595,209093,185311,63008,48535
180918,2241116,582341,1309038,464200,55767,154651,477655,26442,235173,64630,210971,201236,61230,47838
180925,2283270,580612,1320448,455207,58818,158313,503758,21568,239807,62458,219027,220056,63059,45233
181002,2249878,563604,1282109,458287,59099,158629,496822,27911,225604,58514,226215,226262,62156,44049
181009,2297274,625781,1306641,427239,59904,163343,490357,26462,237135,50050,219567,234937,68432,49285
181016,2285875,662121,1313670,434085,58779,172060,430348,28157,238976,57165,200058,224284,66836,49891
181023,2188757,588397,1217011,429305,60207,180111,401814,43235,222900,61700,182043,232245,72285,51005
181030,2129247,586475,1182940,414132,56653,170521,378879,68935,190849,72999,162772,250783,64609,45794
181106,2092778,564306,1160514,446327,61924,147432,343344,77174,190528,85188,165445,247444,68209,42317
181113,2149239,617564,1169213,448435,51380,154125,312808,94442,209008,91822,165604,240468,75009,64999
181120,2281771,703153,1237959,467246,63730,164860,290315,105218,226150,93191,158630,261871,74985,63353
181127,2215066,675731,1173942,489523,72797,156354,285565,110132,212194,84229,189502,248941,62529,51204
181204,2135733,635245,1120288,520411,72261,125059,268931,123211,217212,77952,194442,230735,60188,52525
181211,2219658,673653,1162483,527774,74228,122199,276063,128219,243616,76001,202742,237635,62717,48536
181218,2224120,672429,1133687,522243,72231,138316,274451,114891,250869,74100,230914,221668,70044,61544
181224,2183465,679371,1111766,510563,87010,133904,268886,103833,247269,65370,232408,214801,63301,52474
181231,2174197,677748,1103150,514815,80722,140407,263088,105997,254006,68745,243622,200969,54419,45324
190108,2219185,676326,1143598,525191,63571,141920,266757,101603,262951,79244,254432,210294,56502,40816
190115,2320199,710882,1199304,541707,52867,135137,272667,91566,284393,73960,271287,240584,60869,45061
190122,2385131,730006,1245558,543049,49959,140045,278049,68153,305771,75804,275896,253573,58834,46176
190129,2337462,679499,1225073,539026,49994,151468,291953,46261,284192,71971,272827,261996,57357,45651
190205,2320071,606666,1202511,554671,56972,112523,306928,60575,272003,114984,272099,298332,53964,45056
190212,2304679,643715,1219167,565079,55514,111053,335680,57056,271111,69625,293455,250566,57850,46757
190219,2306890,665817,1244658,558092,52422,117418,350296,54925,242326,63912,296850,246006,63023,52285
190226,2239835,653121,1234843,545352,59715,133804,364681,54329,203838,67922,290887,224374,46743,38045
190305,2239766,673153,1270052,557265,50281,122649,357702,53888,210468,68326,287190,201261,48942,43977
190312,2354854,763810,1371269,550521,49535,113462,364683,58311,233397,72562,282619,203722,52697,42539
190319,2395284,782416,1391477,533794,55184,121081,374478,54950,240288,67810,269715,221156,54261,41433
190326,2404230,749862,1377968,526717,58616,139626,387829,55767,236675,72606,260473,230802,60113,44303
190402,2253759,622161,1275762,528364,66015,121728,414337,48654,224933,67705,258205,215859,58672,42603
190409,2256732,624227,1304857,544103,60572,121748,419059,40103,199997,64101,259540,224846,58651,45069
190416,2300065,630040,1314123,537282,64313,131713,435017,33872,207709,57985,258370,244177,56142,45788
190423,2308168,607758,1297621,540134,72888,131528,454365,28730,206229,57534,270763,243891,66729,56518
190430,2229643,585944,1246026,514221,76865,133343,453679,34479,181803,64965,277102,239231,56457,40794
190507,2223948,584486,1246326,505553,72937,136045,445251,30365,191714,58941,260913,244123,57835,41525
190514,2259274,587059,1245960,509336,72211,130618,438349,30190,227575,57410,265656,248616,60311,38448
190521,2381934,672355,1329277,507139,72168,141358,439394,33787,232695,56867,259191,271242,60884,42216
190528,2350566,661681,1274791,502881,60341,151518,410660,52431,242403,52612,252784,271719,57092,44579
190604,2320580,697488,1248463,497805,53630,162870,365695,60675,219448,49458,258744,274338,53478,42412
190611,2378104,736727,1294555,511171,50413,157179,360283,65056,227280,53101,257761,282568,49795,43292
190618,2359544,703727,1258681,507230,53649,156980,352708,71840,228657,56756,242846,303309,50177,43582
190625,2391962,717653,1287217,526308,64541,144204,340307,74526,245218,59145,227788,311027,48100,37441
190702,2345720,667497,1252739,525775,58591,149237,331336,77528,266032,68593,219544,287236,50014,34813
190709,2334148,664775,1259805,523003,52372,155143,329219,76707,258188,64064,207717,285511,54245,38705
190716,2307221,619105,1236548,514553,55706,163645,350620,62573,270981,62600,209923,279612,46105,28233
190723,2283464,616189,1191409,508931,66177,176062,329904,68172,241008,57916,206318,298324,55130,35994
190730,2271297,606848,1156489,463891,75877,171047,351475,76159,254965,64655,193635,303145,55271,39980
190806,2266551,590155,1175988,500041,77462,164400,342576,86326,266250,75790,179566,277739,49600,38820
190813,2302912,614640,1199369,494629,68176,165456,317569,89046,283802,94837,167813,285657,46322,43593
190820,2350675,655022,1257791,491469,63653,164723,306768,85898,299677,107333,157220,279542,46141,42171
190827,2365733,691746,1302974,488814,64830,156725,320663,92513,287537,120365,165232,251147,48736,44775
190903,2363824,677850,1300744,525425,72290,137616,334204,87565,290339,111751,189866,241865,44774,43539
190910,2444077,682807,1361902,515678,70008,148744,367015,71086,307176,121080,189897,254148,47429,41116
190917,2423113,672563,1338176,493674,75720,150157,356082,75283,289054,141923,189816,266026,53634,38881
190924,2441625,693268,1358305,489945,76495,161126,348803,83907,256020,146023,175706,281403,65037,48663
191001,2365390,646104,1285662,484085,88583,166065,330357,88418,241677,163214,181591,276698,57190,36696
191008,2376784,645065,1282697,502212,75069,166474,297640,106345,257948,178016,174801,272986,56443,40464
191015,2392386,641413,1281496,491549,74763,171300,297960,108382,275739,186176,165237,277392,50857,38077
191022,2465584,679103,1330828,475878,79748,181791,301270,105432,286618,195198,149187,293287,52439,38693
191029,2469890,694664,1354363,466469,94545,180336,335832,93257,275051,181884,145614,286732,48922,39992
191105,2423706,659460,1330423,456091,101646,161921,361724,84359,297296,181713,156976,257761,47740,33324
191112,2496845,681950,1358968,441740,98774,172170,385004,80968,315780,174210,162864,272182,53809,35139
191119,2589144,740143,1404307,435878,100406,189031,388452,85228,327728,176158,168511,277292,54462,36641
191126,2613435,751384,1428785,430833,118198,193237,423089,70876,300331,171689,170342,291411,51461,40255
191203,2527691,723097,1359178,423373,110635,191283,401035,74884,282683,165440,184837,287967,52813,36224
191210,2586200,761177,1396503,412351,124523,186949,447337,68859,294645,151160,191107,280228,52353,43386
191217,2709066,856768,1508489,409410,130904,188559,478208,65292,302028,151589,197205,274567,47937,42022
191224,2681618,851480,1477465,382686,138796,208120,481314,71363,280472,153647,194947,271703,52196,38752
191231,2594785,770895,1373698,368842,130508,211644,495176,77887,283244,148828,213685,268634,47522,35485
200107,2588734,755664,1396692,376697,123520,209535,511255,74143,257447,144647,215526,277508,55981,34363
200114,2569275,762435,1381721,376523,115377,211052,501286,70671,248499,132266,223583,278279,58935,40093
200121,2578381,767514,1380581,378985,116085,208933,503611,71543,265476,124413,220758,273559,55890,41446
200128,2587883,809712,1408697,379070,100889,209359,481479,83719,261416,124507,216611,265890,56450,41302
200204,2464964,792326,1347776,402473,93147,195743,430553,87657,232810,122888,227557,234224,53947,46050
200211,2545195,871161,1394718,423665,71681,200962,385125,110941,245110,123658,232165,242531,52983,47087
200218,2581506,872966,1408161,437070,74852,201973,375242,99374,274998,119710,226692,241407,58140,54049
200225,2590103,865186,1403875,435391,75071,201849,393439,108599,280567,117841,229547,240881,54949,49714
200303,2480980,801559,1315588,479614,73704,181722,346706,119877,260304,107947,238341,237054,66074,54390
200310,2516944,812147,1261142,498063,81102,184452,291899,147151,269024,118780,231014,259535,83044,83524
200317,2594984,913828,1282343,509333,90853,200700,246057,175596,265233,119669,228582,281300,58864,70377
200324,2646355,983413,1325106,501205,112609,194563,207469,150611,258592,122615,215136,311758,66740,77980
200331,2617935,969216,1290412,482230,121762,205262,223629,159618,245281,121340,215047,310754,60223,69799
200407,2607485,992138,1324597,468621,120853,207515,244283,137851,228032,116564,232317,287257,63075,69063
200414,2675886,994618,1337363,462411,120374,231761,245568,134636,263617,134142,240894,282902,60867,64339
200421,2736880,1043997,1368777,457376,117402,240606,246312,107421,282505,119777,264853,276438,69869,78878
200428,2699655,1086855,1385889,440018,124998,237200,250723,92285,249567,99544,264046,272384,63364,73286
200505,2667013,1024898,1380261,463078,123642,224176,269882,74614,255903,101669,281557,275424,51983,51436
200512,2672144,1021278,1376818,473244,118555,222768,249260,73697,281219,116011,293781,254444,53920,50862
200519,2683639,1008747,1369589,467176,114520,234900,250372,71074,281539,127346,300818,256967,56592,54232
200526,2653260,979857,1330680,470991,107974,241510,253266,64633,273806,116122,319766,260699,57009,54192
200602,2612922,981876,1283131,434055,104199,265261,259221,68482,271382,103548,332887,244752,52827,42828
200609,2617156,957798,1301044,435502,93348,273717,265217,65677,272698,116103,327697,240192,55929,42783
200616,2692969,1025721,1359640,429453,94761,285446,265370,61310,276984,113878,329566,241391,54726,43871
200623,2703617,1053645,1398989,409473,97792,279185,277341,55261,276622,111297,315419,238913,57141,41436
200630,2695102,1090586,1417510,400730,104220,257282,272685,50912,277516,109960,316465,232647,53696,38550
200707,2593142,1018864,1331240,396978,100074,257758,264352,53998,266577,105268,311990,230968,52377,40537
200714,2593276,1024585,1323158,391167,91778,250519,275203,58001,270360,99122,327462,228668,53652,43330
200721,2589439,1009158,1304595,397383,95248,233450,279611,60070,287345,92552,336686,229005,60935,43040
200728,2545125,989288,1234376,410346,124064,218119,271303,76036,294520,90696,340378,215970,54883,41662
200804,2459086,957087,1165674,390073,120159,212673,273983,82595,278256,88447,352803,205914,52653,41012
200811,2475583,971879,1185576,391441,119991,209447,282607,74609,279941,86873,363227,198412,54983,44380
200818,2512720,999042,1210876,390449,111439,217072,284782,79558,276097,86402,368892,205605,53271,43181
200825,2492284,999773,1219477,392604,108992,207159,288390,85227,262351,86353,359786,206033,49621,43259
200901,2414147,961892,1161083,388443,98666,202742,278121,93942,266003,77668,362593,188753,50525,40365
200908,2469159,1021974,1148790,390917,88796,203193,243430,132036,281120,89974,380378,188626,49925,46220
200915,2456790,1035016,1126677,403607,81405,194176,227890,157508,268884,87560,387386,189953,49704,50801
200922,2416354,1002592,1109591,403163,78771,197715,228888,134838,270203,82312,391466,187618,43863,46152
200929,2367091,1001061,1087728,402708,83825,187875,221358,128214,258900,81956,403491,169945,43288,47113
201006,2369768,988115,1083402,425085,80840,165128,215385,134094,270872,82162,409645,182955,40066,42832
201013,2444636,1008878,1155533,441927,74787,194647,224706,108469,265091,79071,414435,187660,42656,44014
201020,2448313,979842,1166285,445966,66831,194277,241883,104383,270554,81104,413464,188648,46039,43871
201027,2422007,970318,1161872,479390,63664,159311,250331,111869,276609,66286,418178,188054,31708,42450
201103,2397154,1004642,1113185,479473,62318,132788,222329,133751,266735,68174,448302,193012,30001,47063
201110,2399805,997190,1150095,473713,59766,129617,230512,104300,277399,59278,433621,198584,33512,46423
201117,2406706,955943,1132361,465871,61041,134449,262893,87495,296959,62706,450127,192494,35391,51780
201124,2462407,1001397,1187972,459966,67849,142199,311343,84533,275999,66805,468599,194751,9947,40505
201201,2373278,930804,1130850,403735,75629,147682,311210,64934,276723,75638,463276,174082,53404,40102
201208,2454554,981438,1211593,416934,71608,142925,339242,64686,273184,63585,466828,182838,54408,40892
201215,2505878,972341,1250025,429694,76237,148714,348051,62300,294607,63119,439905,191838,57514,42252
201222,2524863,990515,1268990,429454,78732,148254,341158,57942,298100,56185,425536,204149,57048,43160
201229,2465761,961812,1232327,417933,79414,144195,326041,48629,300379,58252,415491,204019,53130,41307
210105,2494225,950702,1252006,444155,77920,129242,347969,59179,305668,61725,424814,204389,50375,41007
210112,2552201,956979,1266720,418450,77912,173675,371466,56634,306973,56819,416325,207836,60003,46126
210119,2638507,1011405,1338051,430119,70379,199692,367934,58573,311509,60397,416844,200917,56534,42542
210126,2626778,1010971,1344876,424006,82599,182127,388294,56116,306995,58300,410931,198831,57254,44303
210202,2571017,950590,1306531,435692,84306,165458,388341,49049,328495,57270,409891,187985,57186,39302
210209,2665106,993822,1361040,433610,87532,167490,395353,53364,348170,55956,396202,209507,61198,41801
210216,2712278,1027811,1423427,430107,86387,174750,404755,59937,348095,56768,372466,206986,63006,40230
210223,2725177,1038851,1470264,438571,72646,175695,410050,64375,328199,63735,366430,210475,59601,37093
210302,2697380,1009946,1437856,426007,69191,170187,408423,64070,345531,59477,348235,224042,53767,38268
210309,2685818,1021952,1448042,413205,66251,172002,402018,61797,327169,64125,343665,223527,61820,43365
210316,2717729,1070477,1479064,389502,64021,188894,407429,72999,310105,61413,328508,228178,61731,45960
210323,2563566,991583,1372384,389048,63328,195434,372609,88886,273866,68584,311554,214659,57783,43455
210330,2519069,992424,1352631,369932,78721,188189,375800,84555,260673,58611,294575,218241,55199,41484
210406,2438348,970441,1319549,357945,70096,193544,355546,86248,236378,64098,283201,208690,51706,40642
210413,2503076,1001843,1378133,357471,69712,209846,369057,78566,239544,67883,282322,200696,56736,44257
210420,2535295,1006582,1413040,381610,70273,190146,384255,81683,254000,66828,284288,197798,54076,44067
210427,2477696,963291,1353971,384998,69216,184360,381858,88136,238621,64527,298496,201936,58105,42960
210504,2442913,924381,1296358,372218,75179,181548,387192,83272,264991,55302,304966,203106,54175,33493
210511,2483944,961360,1310834,368427,72278,190726,375932,91037,258857,55432,315578,213560,59650,31074
210518,2544000,1005981,1305892,345493,82122,220257,368115,97307,275984,60062,314430,212936,55172,35072
210525,2480686,998440,1280241,369271,82043,197599,350503,103346,264923,54011,328293,192386,53553,31855
210601,2394858,922117,1200761,357776,84416,195904,362095,105146,262141,57850,329730,183540,53435,33220
210608,2447572,936002,1234221,350670,84795,197068,376909,98675,262971,57419,325185,209955,56578,34702
210615,2478927,942660,1263590,354641,83482,199223,393775,97460,254453,56142,324968,220730,57303,35021
210622,2459903,939150,1262440,351876,79197,201711,393072,102910,233686,62150,318936,222981,55277,38042
210629,2406751,898078,1214199,334663,74368,206415,394588,109502,246288,63462,311587,211220,52037,33172
210706,2365204,886436,1201868,323705,67462,203764,390574,108443,237703,60792,301060,206684,55546,38220
210713,2355702,879729,1223499,325564,70696,187840,386138,98867,236389,63780,278265,225380,50882,34766
210720,2343435,858820,1214896,338006,64377,200584,349680,96641,254549,71771,264688,214917,55108,32783
210727,2376448,867083,1274456,334155,69135,199752,368575,78371,269920,65719,227202,221783,49461,35829
210803,2260055,776235,1192436,337448,69584,186705,367879,73649,263807,57492,222671,216398,54091,34805
210810,2276879,813898,1226984,345172,66428,183988,341158,73516,264882,65889,225486,204451,57441,31144
210817,2320730,853439,1252713,354181,65192,193087,323297,78196,265743,64280,218567,211288,55415,35944
210824,2353728,909850,1297225,359159,66994,196549,315758,78862,252123,69471,224624,199988,50830,37363
210831,2321543,868685,1279791,337751,65512,201502,330889,65708,246103,68309,210267,217102,51202,35558
210907,2282094,840857,1248952,321522,61923,207410,330834,61050,258062,52259,190321,216169,54981,38207
210914,2314249,849385,1258830,304013,60985,199546,343424,58207,273696,50069,189607,233246,60870,40132
210921,2337573,835783,1249718,298023,61889,200850,354471,47491,307838,50863,199222,232200,57545,38365
210928,2316642,811346,1216170,300973,78291,198786,366428,59202,293479,58169,210022,228504,58957,32188
211005,2281085,770655,1179717,300229,74207,191492,365883,66064,283116,62861,207606,242658,64191,36225
211012,2291949,793242,1170587,297740,73335,187701,348378,74331,288409,66732,214130,247286,62461,36170
211019,2316026,807518,1179446,318038,81729,184476,332903,82778,289376,77791,215225,247289,58635,35707
211026,2306050,839796,1184235,305254,83774,175031,320358,79461,270678,77167,220176,256456,61310,36239
211102,2203064,780344,1115330,301194,72730,157577,313199,80627,260625,80657,226607,256356,53112,33212
211109,2269226,831491,1165884,300869,77729,157245,308002,85869,262360,85604,215796,268760,54895,35583
211116,2287532,835909,1158256,294042,82618,168651,298049,94473,261922,94000,208963,278101,56858,34548
211123,2292488,835761,1170095,294201,85196,172065,290698,97208,256723,103654,191186,282487,56899,37528
211130,2199659,788631,1104096,319842,78081,159952,249603,110744,232465,91062,180991,299615,58489,33715
211207,2137773,779881,1083376,340181,71228,145776,239794,106226,232858,74065,192933,272277,52941,33099
211214,2174161,835164,1139845,340402,68918,152420,242110,109086,219806,83534,203573,249416,51309,31097
211221,2167638,840240,1127805,344545,70097,150811,242282,108615,223910,82082,222287,232111,51657,32002
211228,2164578,837003,1149576,346433,74646,147813,264347,88764,217721,83744,234143,216373,51144,35542
220104,2126973,778968,1111820,356845,77540,133637,277644,81228,227433,85897,251321,211327,55222,32667
220111,2195618,779312,1160118,354113,78592,123745,315644,74786,249082,90912,253666,225181,57629,30448
220118,2268205,819758,1198692,343746,83062,135004,318461,76003,260492,103658,258100,228653,58433,28199
220125,2266692,801190,1199880,346659,72132,137464,310636,77314,264459,123876,259621,224324,58084,31498
220201,2131473,753109,1125096,346507,78928,127130,297075,84928,241983,116158,251362,191481,58030,30565
220208,2175469,766933,1145080,356385,76116,127424,290071,87195,249983,123918,255013,203093,57662,31565
220215,2262882,835390,1215471,352714,71849,137763,285676,81840,254810,113098,247002,221103,62328,33044
220222,2255853,828464,1231945,368423,73609,138077,291647,78394,251176,104751,235238,213946,59369,33468
220301,2107838,723380,1136147,374817,68218,118613,295536,66379,232393,104098,248557,197603,61398,39928
220308,1978954,715205,1043922,369056,70257,119425,242314,113249,182554,112860,242753,173439,64101,33355
220315,1904329,701077,1027374,347395,67473,117670,239584,98559,163090,113260,234066,169257,52996,26840
220322,1921714,712703,1041557,342433,72835,122121,244493,97912,158735,112830,220761,178027,50372,29766
220329,1859912,670917,980122,319518,73457,133852,241641,100120,148408,114202,216482,176321,55053,31150
220405,1837087,654932,945006,306655,78684,127860,241821,100606,158303,114068,213500,177655,55793,35473
220412,1877549,670689,966816,299948,76197,134086,236915,96598,173452,113852,203459,194024,54583,32917
220419,1907922,682162,995147,297556,78208,137499,252799,85891,180256,113977,209407,190201,53472,31313
220426,1899793,698954,1013331,284473,74369,135777,230232,80011,177244,125872,192021,193632,53609,33408
220503,1881576,676992,981486,286623,76592,131653,228209,75600,194946,116838,200285,186537,59778,34477
220510,1839152,673711,968826,267975,61241,127428,228409,73877,185832,119932,207281,177682,58183,36985
220517,1870804,680504,980178,259186,65079,147304,242583,66461,186007,121096,208437,183267,50857,34071
220524,1905789,700237,993188,253410,68046,149109,251704,61563,199571,123816,227765,171768,56174,34779
220531,1899245,713369,1006668,244738,73273,135508,255851,57949,202520,130492,232503,153589,63178,37235
220607,1865753,671768,975204,237358,73780,131841,266482,52789,207803,126353,231947,154837,69311,37552
220614,1869824,660229,967875,238258,69635,148176,271708,47434,203615,118870,236312,158981,69987,37796
220621,1859629,665753,963355,236248,66867,150998,246258,47929,214322,129693,228166,151547,64810,36445
220628,1843132,668848,955350,242025,68023,139960,237123,48006,209064,130359,225373,155572,60181,41784
220705,1814328,682337,913770,235357,73169,130466,206564,65072,217339,120562,215387,155700,66003,43425
220712,1805441,709784,920498,231716,67607,125380,197480,56495,204894,106487,220827,165076,64624,44664
220719,1862982,737408,963418,239739,52715,141708,207690,56738,205717,103199,226030,170678,56843,45978
220726,1891139,761659,969512,226556,61718,142384,215098,55254,212471,96184,225771,178818,57969,45211
220802,1801532,666961,880130,239292,61330,128456,217624,63301,226453,95546,227874,173566,53634,40422
220809,1827521,710935,911143,247111,58465,132020,200801,66922,214249,94537,229422,173993,53875,41307
220816,1891539,768205,948995,244809,57377,138465,197668,76522,217019,96495,233277,171300,57578,48584
220823,1878113,753947,952745,244565,51370,136857,207298,60021,225507,98374,253510,153083,58482,45020
220830,1852619,700571,915732,239109,53771,126368,225716,62331,241427,98768,253293,161974,58686,37723
220906,1788108,650457,873635,243237,50397,125653,209720,65128,243260,101326,235437,154267,60188,40331
220913,1794549,655657,882394,242131,47207,123638,205552,58150,242173,99533,230952,168334,57531,41701
220920,1831299,681069,909372,237381,46170,129369,204829,52526,250761,98804,229026,172303,56783,41772
220927,1840951,700038,920875,239443,50036,126848,200092,56352,249436,106266,236346,160158,58670,40900
221004,1854842,679107,938683,236862,42622,129422,222518,53122,257550,104370,224861,169588,55425,38994
221011,1915751,702132,980275,229025,43755,143400,230450,48005,257822,110363,221516,182818,59741,38160
221018,2040316,818003,1093333,246998,40529,149325,212743,50896,254492,109731,221662,190744,58280,39335
221025,2037014,799762,1103307,245902,42672,133190,240628,47908,261060,106471,216889,193454,56547,38534
221101,1907102,694808,1022623,256110,49356,98544,255762,45870,259050,109044,212655,181468,52316,37536
221108,1897484,689585,1009894,245609,49049,103090,265498,46792,249139,101860,224064,175234,67469,40222
221115,1922490,721105,1012095,243028,44564,122176,244570,53068,232432,112206,237243,176123,70850,44789
221122,1901487,751191,974285,254688,40918,115258,199790,76545,228729,114710,250811,179175,57946,35766
221129,1827737,734135,924147,260786,42898,109424,181383,92136,205565,107377,242330,174565,54502,36672
221206,1785337,674123,850267,259045,43234,108468,177932,91226,233885,109653,250852,167300,54931,40105
221213,1892852,718407,896798,272731,36830,126526,182258,101296,247048,112928,261888,179427,53527,43039
221220,1915585,746935,936249,267635,37880,124028,186696,93364,247954,119829,263605,169740,52768,42765
221227,1906686,740705,961231,271779,35063,111060,209075,74319,254144,115919,277226,156735,47269,36908
230103,1869003,679638,917775,276231,35067,105827,224375,72822,268134,104964,278272,152193,57641,38913
230110,1963408,736718,993783,296349,33289,101363,230671,84320,279140,104145,278007,153668,61354,39838
230117,2084183,811599,1104360,300027,36747,108952,259796,56560,270638,97455,296291,172507,63209,38128
230124,2150471,839107,1160823,301458,43891,113887,280225,42640,274396,103946,310734,168585,68867,35515
230131,2164026,847926,1177642,302699,37801,101513,283214,32024,275412,112319,330965,162340,78603,46329
230207,2106712,786603,1114660,304823,44319,105755,278028,38591,280309,110132,311443,168213,72849,43422
230214,2166826,833422,1165030,291627,53671,110248,316809,31626,274996,107100,322597,168376,64248,40282
230221,2130065,833167,1130437,292385,55639,107563,300907,36488,258756,106159,329191,168917,62211,43074
230228,2135487,820030,1140697,282993,62101,105453,308046,28131,273175,110410,316351,170461,64919,39118
230307,2119598,767759,1090084,269935,62078,114536,319819,27853,297242,108211,312290,183806,58290,31709
230314,2158051,810780,1094861,283643,53616,118431,272442,46758,289822,119935,313204,195658,67340,45701
230321,2249020,869383,1157486,332198,48900,119071,234054,69307,272823,135045,321945,214106,72340,45382
230328,2257150,882563,1168244,327799,48064,124881,236467,72206,270392,132973,311955,217348,64727,44060
230404,2138438,740234,1082646,317693,44460,120517,282681,38350,262957,132936,324418,224231,57189,40859
230411,2164343,769174,1110321,317166,45630,126200,282189,36225,263217,131436,332354,211440,63521,38956
230418,2225542,806308,1143678,300286,46181,143986,291149,38206,265497,134108,332700,217936,66272,37358
230425,2255321,885321,1163377,318167,44438,123487,253385,52043,262409,127546,348593,226246,58760,34728
230502,2148832,809763,1026208,322758,42061,133794,210784,82784,272233,140691,351315,203476,55333,36961
230509,2174692,798088,1033992,357962,40259,123514,213763,114262,274328,143333,338666,208183,55521,41488
230516,2217023,846011,1087054,372748,39738,120553,200739,110123,284981,125885,324440,209245,56861,40889
230523,2254961,875550,1130197,370801,41637,112765,225167,99910,274561,121731,333020,220092,54294,42779
230530,2247979,869692,1124806,356256,38131,115710,234342,79435,286641,109981,341151,217949,57408,44156
