,date,oi,prod_merc_long,prod_merc_short,swap_long,swap_short,swap_spread,m_money_long,m_money_short,m_money_spread,other_rept_long,other_rept_short,other_rept_spread,nonrept_long,nonrept_short,price_brent
0,2011-01-04,870690.0,306453,555727,182128,56589,113708,133347,11814,52565,12563,15355,33079,36847,31853,93.52
1,2011-01-11,923823.0,336994,593477,176039,49005,129431,141186,12787,55638,10265,14198,37800,36470,31487,96.8
2,2011-01-18,956157.0,359855,580864,157677,52976,147414,138224,17331,63444,12575,14818,45574,31394,33736,97.83
3,2011-01-25,964590.0,389145,564546,150305,47785,145120,126763,43819,63877,10628,14155,47555,31197,37733,96.76
4,2011-02-01,943627.0,360442,549275,142069,37986,150587,126640,34135,66671,14690,12881,45023,37505,47069,100.4
5,2011-02-08,908324.0,342472,542600,146806,40438,138680,118299,38715,61432,16782,11473,44985,38868,30001,99.25
6,2011-02-15,872385.0,312887,524914,153371,38255,136188,114968,28267,68264,15845,12411,32615,38247,31471,102.48
7,2011-02-22,871994.0,311659,526580,151221,38305,135628,116028,30722,65159,17235,11695,34161,40903,29744,106.82
8,2011-03-01,882247.0,308681,554193,162553,34987,123216,122341,24462,69079,17030,10042,32152,47195,34116,113.34
9,2011-03-08,843949.0,287800,514221,160771,38625,132315,110701,24029,60445,14180,9172,40497,37240,24645,112.32
10,2011-03-15,844342.0,294400,506483,166431,34447,133077,109431,36898,60631,10006,7619,35448,34918,29739,111.11
11,2011-03-22,859364.0,307161,544184,173270,40578,124820,124289,32804,50020,15718,9130,30969,33117,26859,115.63
12,2011-03-29,854876.0,288750,531717,175975,41464,124829,125751,27987,53845,14258,11115,35672,35796,28247,115.58
13,2011-04-05,922118.0,319669,563874,181860,48237,132702,130153,24522,65437,12474,13758,40887,38936,32701,122.87
14,2011-04-12,868450.0,293653,517572,177965,46217,121991,116544,24678,65925,14533,17537,39087,38752,35443,121.33
15,2011-04-19,846225.0,286897,481766,160959,51920,120915,115221,33732,69327,17722,16202,34470,40714,37893,121.35
16,2011-04-26,840097.0,277740,479147,162659,49534,126701,116278,30422,70226,14596,16216,33476,38421,34375,124.55
17,2011-05-03,830331.0,280373,477119,154172,49443,133812,113729,26332,61513,15793,13449,37863,33076,30800,124.01
18,2011-05-10,893729.0,329671,518208,165817,46922,132095,111214,39126,60679,13469,16162,47165,33619,33372,117.82
19,2011-05-17,868670.0,307424,501581,181577,40302,126465,93168,41565,65782,13009,14866,43924,37321,34185,109.39
20,2011-05-24,844663.0,288077,475772,176054,38412,125306,94491,46501,64650,13793,15836,45031,37261,33155,112.52
21,2011-05-31,874507.0,297640,494149,172999,41170,132504,106767,43179,70073,13658,16244,48300,32566,28888,117.18
22,2011-06-07,871465.0,284985,480582,174963,43197,125440,106126,42699,74443,17290,19982,47796,40422,37326,116.14
23,2011-06-14,860564.0,266240,452767,169716,50594,127067,111357,40936,83860,17490,26407,42957,41877,35976,120.35
24,2011-06-21,814890.0,271286,417335,167285,57736,118714,89058,49667,74408,10295,15697,44887,38957,36446,112.02
25,2011-06-28,776198.0,281637,425304,170116,62684,95211,87831,49301,64306,10915,11526,31540,34642,36326,107.57
26,2011-07-05,790163.0,282287,449361,168681,57665,98514,100233,37539,57921,8762,12757,35963,37802,40443,113.21
27,2011-07-12,800395.0,274659,455030,171441,62329,98953,108096,32098,58307,7747,15733,39453,41739,38492,117.36
28,2011-07-19,790601.0,267320,449214,159175,63605,98646,113782,27762,65636,7228,14865,36288,42526,34585,118.18
29,2011-07-26,809698.0,276452,461160,154049,64373,102656,122240,29072,66433,7120,13892,36895,43853,35217,118.14
30,2011-08-02,826483.0,277172,468441,155206,59888,102965,126312,34318,57299,8589,13691,42939,56001,46942,116.02
31,2011-08-09,791254.0,288243,425909,150495,53676,107877,94296,43839,61242,7293,15333,44781,37027,38597,103.63
32,2011-08-16,761371.0,265638,395238,153911,53582,110431,92146,47360,65562,7516,15788,42682,23485,30728,109.69
33,2011-08-23,765757.0,264387,373770,144855,61288,113348,94130,55484,62808,6252,16926,47256,32721,34877,110.35
34,2011-08-30,784910.0,279899,399403,138817,67494,110687,103852,43264,62498,6199,16816,49989,32969,34759,115.59
35,2011-09-06,856986.0,325655,441744,128870,72598,121566,115881,46354,61773,8033,19163,53293,41915,40495,113.29
36,2011-09-13,883863.0,363892,464031,117700,78424,135908,117980,51316,50810,10978,15477,51438,35157,36459,114.08
37,2011-09-20,853013.0,325771,425514,113785,78212,142720,121294,51317,54220,10740,16324,49093,35390,35613,114.39
38,2011-09-27,889700.0,367135,422644,111206,75068,155346,105098,61784,57621,8377,24371,51412,33505,41454,109.54
39,2011-10-04,894023.0,387525,401719,112218,92019,134746,96801,72025,75766,7571,30512,54044,25352,33192,101.84
40,2011-10-11,913294.0,384503,427392,122612,88213,139707,98527,62583,74517,5971,28207,52542,34915,40133,109.22
41,2011-10-18,945491.0,371652,429370,126326,104578,141893,114069,64365,91108,7268,25978,54749,38426,33450,112.08
42,2011-10-25,963954.0,380423,438785,128467,109972,138849,114813,70826,93081,8119,21628,55755,44447,35058,112.11
43,2011-11-01,948129.0,379437,450736,131544,104836,138128,113635,62423,80396,7764,18729,58030,39195,34851,106.97
44,2011-11-08,975810.0,362598,439345,127439,112660,143561,121733,60174,107272,10559,21162,51837,50811,39799,115.61
45,2011-11-15,948881.0,352620,394642,116421,137073,144817,123354,61240,108657,11437,22696,51476,40099,28280,111.9
46,2011-11-22,912569.0,349690,399148,119103,124665,136194,111670,56031,104605,6902,17375,49955,34450,24596,107.77
47,2011-11-29,914717.0,340983,397323,119954,129309,138302,117346,46603,106110,7694,18670,45418,38910,32982,111.25
48,2011-12-06,920893.0,349054,418679,122800,132510,125530,123151,37635,99413,6636,16027,53017,41292,38082,110.16
49,2011-12-13,902040.0,348748,426054,126498,125820,127574,124576,45644,82855,8060,15882,46886,36843,31325,109.25
50,2011-12-20,869471.0,329220,410029,135478,115795,123839,113315,47921,78859,8724,16976,46287,33749,29765,107.8
51,2012-01-03,912186.0,311217,436503,140101,116693,118241,138452,44137,99489,10429,14416,48681,45576,34026,111.12
52,2012-01-10,951045.0,325653,460415,143170,117254,119634,144863,54312,104924,15012,10127,52545,45244,31834,113.3
53,2012-01-17,952928.0,306573,447070,160284,119573,121333,142246,59169,102507,17240,12755,50741,52004,39780,110.55
54,2012-01-24,984053.0,313826,461777,164471,114277,130049,145227,62362,111189,16442,11187,51398,51451,41814,108.38
55,2012-01-31,1000765.0,330196,485854,166399,111904,134224,141629,57212,113760,15679,11447,53496,45382,32868,110.26
56,2012-02-07,1051880.0,380155,538759,160027,110200,140209,138071,49365,106156,17918,12951,61553,47791,32687,116.86
57,2012-02-14,1051943.0,372551,536694,161715,115444,151076,145160,48457,96918,22520,13322,54493,47510,35539,118.3
58,2012-02-21,1045430.0,356574,538084,158272,108802,144692,150892,43914,94747,24154,13397,60241,55858,41553,120.85
59,2012-02-28,1048164.0,353954,559444,161937,104373,144452,164648,42360,98570,22324,11042,54567,47712,33356,124.02
60,2012-03-06,1072169.0,372901,574116,154526,104540,155151,173319,45225,84021,23726,12028,59394,49131,37694,125.03
61,2012-03-13,1105234.0,372374,575879,154228,106524,169031,178105,45153,87719,22334,12174,65989,55454,42765,128.14
62,2012-03-20,1072435.0,342895,544497,145489,104300,178461,179217,47340,86764,23782,8134,66759,49068,36180,124.38
63,2012-03-27,1100677.0,343661,554986,143958,109671,187291,181018,42653,95282,31841,7944,71454,46172,31396,125.25
64,2012-04-10,1221764.0,390870,577962,159903,115569,204143,168090,58616,99404,36194,11258,82339,80821,72473,121.89
65,2012-04-17,1173628.0,381524,574563,167668,114823,188515,164223,56125,107847,34596,9448,86113,43142,36194,117.41
66,2012-04-24,1228342.0,422844,609620,162422,106278,195142,164091,61700,118505,31839,10398,89061,44438,37638,117.74
67,2012-05-01,1239919.0,428858,628454,158659,102702,195020,177355,62128,119516,31249,12730,89724,39538,29645,119.57
68,2012-05-08,1281051.0,462107,641858,166889,93438,200981,156565,64096,119825,23899,15877,103439,47346,41537,110.48
69,2012-05-15,1235108.0,434616,594666,166179,98894,204160,144971,61498,110449,19443,13868,111491,43799,40082,111.4
70,2012-05-22,1198035.0,427205,584420,167343,92594,190451,138944,59549,109704,16764,16136,107513,40111,37668,109.76
71,2012-05-29,1227673.0,463265,614381,174447,91211,189051,134839,63193,109158,15733,14045,101393,39787,45241,107.55
72,2012-06-05,1242535.0,479362,622942,189623,96708,197669,124772,67469,104181,18782,18717,91009,37137,43840,98.65
73,2012-06-12,1243060.0,482774,630213,198578,98111,189051,122098,75332,90334,19377,11177,90050,50798,58792,96.59
74,2012-06-19,1208441.0,482584,624214,190839,100600,178780,121740,76095,85515,20238,10550,83935,44810,48752,95.14
75,2012-06-26,1197217.0,488924,641249,209420,95638,160568,118186,80370,77908,17106,12692,77598,47507,51194,90.19
76,2012-07-03,1183435.0,502297,661129,213902,100275,150836,116231,63044,66356,19503,24592,64572,49738,52631,99.89
77,2012-07-10,1180903.0,508921,663213,210664,96599,149670,118875,69755,60750,20975,27574,66505,44543,46837,99.15
78,2012-07-17,1153447.0,488609,662448,210371,95755,144712,122817,53736,66995,17461,26282,60481,42001,43038,104.21
79,2012-07-24,1151277.0,489328,652666,201467,101727,139216,123261,55110,70611,20725,28859,59761,46908,43327,103.57
80,2012-07-31,1172822.0,489922,665532,193741,96522,153565,123354,44682,79347,23090,29543,62640,47163,40991,105.93
81,2012-08-07,1133579.0,448337,620415,194846,103634,148598,127468,44177,76059,25063,30764,68611,44597,41321,112.39
82,2012-08-14,1135381.0,450415,625186,203511,102415,147751,128997,45934,79195,21604,35641,55847,48061,43412,113.9
83,2012-08-21,1120047.0,428521,612585,207707,108814,137126,138308,43860,80880,21726,36870,59824,45955,40088,116.03
84,2012-08-28,1135565.0,446203,616104,207019,114676,141114,142216,48378,77691,17498,40760,55250,48574,41592,112.62
85,2012-09-04,1172075.0,474184,627486,193535,113190,159682,144549,49826,74413,16732,46174,63572,45408,37732,114.98
86,2012-09-11,1194127.0,504183,631938,178578,130057,156775,150846,48075,73707,16884,42972,65232,47922,45371,114.86
87,2012-09-18,1196349.0,490931,592173,169070,150391,160576,150727,50336,84621,13612,46354,71633,55179,40265,113.29
88,2012-09-25,1169940.0,498952,598923,180929,150391,156400,143151,42600,71467,9027,45172,65102,44912,39885,110.77
89,2012-10-02,1157377.0,485761,590539,179845,149887,157619,142953,35189,73876,9310,46899,65006,43007,38362,112.49
90,2012-10-09,1202868.0,518608,634385,183221,142913,151480,147431,41408,74068,10442,46448,74027,43591,38139,114.32
91,2012-10-16,1222242.0,527330,624429,177443,157454,151062,153903,42692,76472,15351,49512,78869,41812,41752,115.0
92,2012-10-23,1219505.0,547639,622558,190588,160600,145230,139461,53037,73158,13464,56157,77410,32555,31355,107.53
93,2012-10-30,1232370.0,547234,637040,200762,158018,147251,137481,50972,74109,11015,52452,88239,26279,24289,109.4
94,2012-11-06,1263466.0,565184,665744,206907,148723,156526,129302,46295,74506,12946,53548,77568,40527,40556,109.27
95,2012-11-13,1272487.0,588245,662237,198917,161398,157196,126033,50125,74270,11509,49826,84887,31430,32548,108.82
96,2012-11-20,1272870.0,574830,668461,203830,166724,152957,134974,40241,84270,12739,51788,78557,30713,29872,110.01
97,2012-11-27,1290690.0,576932,672094,205833,176941,147502,141869,36190,87128,15152,54598,84310,31964,31927,109.33
98,2012-12-04,1281132.0,542974,655405,203668,168305,153571,145977,35810,77772,13988,52281,96742,46440,41246,109.99
99,2012-12-11,1315011.0,571767,678419,210500,158248,158365,133564,40804,97043,15340,54024,88854,39578,39254,107.6
100,2012-12-18,1277613.0,528185,641991,208355,164550,150778,140423,35439,102348,15334,57870,91793,40397,32844,109.96
101,2012-12-24,1311476.0,550759,676142,212333,170175,144771,156990,32502,96058,15279,59272,92814,42472,39742,108.44
102,2012-12-31,1285300.0,520351,667697,212946,165649,141323,167623,30051,93672,16129,62082,94434,38822,30392,110.8
103,2013-01-08,1318295.0,510279,680145,221224,171379,147615,185105,37404,95726,18088,65639,96758,43500,23629,113.03
104,2013-01-15,1352453.0,517421,696372,236465,163903,158698,187800,49707,99898,21111,65454,88537,42523,29884,111.72
105,2013-01-22,1389986.0,534990,731458,237974,163415,154017,196309,48497,110941,25840,62716,92619,37296,26323,112.72
106,2013-01-29,1463703.0,559953,786689,242629,169399,163103,214886,42258,117365,32188,61455,93207,40372,30227,115.22
107,2013-02-05,1484993.0,547637,785089,243936,180370,169149,227332,43440,104161,38460,60959,109727,44591,32098,117.03
108,2013-02-12,1545620.0,584287,810284,243067,178994,180103,223916,41973,116516,36824,65764,126890,34017,25096,117.89
109,2013-02-19,1527458.0,581097,806010,240697,172316,180552,227132,47812,116178,35682,68781,113311,32809,22498,117.04
110,2013-02-26,1522411.0,598219,791347,262632,180728,162744,207178,57743,122629,25591,69093,113560,29858,24567,112.96
111,2013-03-05,1570668.0,661431,858026,278548,173286,157551,184726,59308,125843,23174,61418,109654,29741,25582,110.42
112,2013-03-12,1546800.0,628708,827155,282959,173523,154908,179682,65069,131335,24621,55381,109148,35439,30281,108.48
113,2013-03-19,1468976.0,578442,787424,291301,166619,154697,183136,62008,114372,17251,55374,101583,28194,26899,106.91
114,2013-03-26,1469320.0,560337,795392,302898,156610,144585,189497,62763,111917,18701,61122,108617,32768,28314,107.1
115,2013-04-02,1491814.0,569879,832235,309687,149830,147944,198944,62059,110360,20188,62563,94694,40118,32129,109.66
116,2013-04-09,1511363.0,609186,857749,321465,138746,151403,177176,67811,112771,19546,63178,85693,34123,34012,104.08
117,2013-04-16,1464462.0,558348,809372,331816,135494,147551,168991,66916,117783,19462,63604,89669,30842,34073,97.88
118,2013-04-23,1481941.0,545964,824935,355100,122116,150424,169621,74330,120435,18784,63162,89908,31705,36631,99.25
119,2013-04-30,1572795.0,594408,912330,358181,109118,163564,180440,72241,131097,26042,63127,101009,18054,20309,101.53
120,2013-05-07,1584024.0,588972,930693,362784,103373,168690,180308,57854,136986,25811,63482,90907,29566,32039,105.18
121,2013-05-14,1565396.0,565797,906442,350382,96352,181995,179960,52364,132787,27149,64963,100244,27082,30249,102.7
122,2013-05-21,1534378.0,534729,875734,345148,110583,181217,194614,51449,125330,28479,68749,92289,32572,29027,103.1
123,2013-05-28,1514693.0,516141,861443,341432,113611,174682,209961,50351,125445,28661,70337,85171,33200,33653,103.77
124,2013-06-04,1540730.0,537808,903835,349364,108692,175469,215234,49516,128490,28019,66527,75963,30383,32238,102.04
125,2013-06-11,1531353.0,542368,896009,347524,109427,173243,210860,54553,125734,28470,65407,74158,28996,32822,101.5
126,2013-06-18,1540186.0,536717,915980,342925,113970,166617,231769,49834,123055,26618,65044,77907,34578,27779,105.21
127,2013-06-25,1515803.0,553738,898101,356551,110865,163093,192244,54688,135397,23130,60320,63543,28107,29796,101.51
128,2013-07-02,1558986.0,583170,944255,363390,108417,164474,196157,52011,137692,20915,58197,64321,28867,29619,103.96
129,2013-07-09,1545826.0,550061,930537,355393,110970,155004,217685,49146,135098,26292,64945,68433,37860,31693,107.9
130,2013-07-16,1545272.0,554790,946736,350178,107023,158355,225965,48090,119487,30708,68759,73593,32196,23229,109.29
131,2013-07-23,1539693.0,546435,925925,339262,121821,159438,237401,45356,126511,29115,67165,68134,33397,25343,109.27
132,2013-07-30,1520713.0,549915,915959,340588,124106,157247,236058,51341,118334,23129,69370,62206,33236,22150,107.47
133,2013-08-06,1576403.0,578184,958775,339423,121162,156313,239274,46262,125419,27516,68169,75830,34444,24473,108.77
134,2013-08-13,1563666.0,561252,948890,341182,117415,158203,239335,48622,126994,23183,62198,71442,42075,29902,110.69
135,2013-08-20,1518337.0,520866,911864,322697,125989,166319,252001,48206,118730,29683,61981,65681,42360,19567,110.74
136,2013-08-27,1528597.0,539778,935857,312363,134310,162086,268226,43884,110414,28905,60207,64006,42819,17833,115.21
137,2013-09-03,1532771.0,549375,933099,307260,132029,161698,260811,46575,114871,28452,53147,63029,47275,28323,115.49
138,2013-09-10,1509941.0,551757,914937,306156,130215,153509,253438,50850,114959,25230,58564,58700,46192,28207,112.1
139,2013-09-17,1456140.0,512296,863269,317189,135866,146139,242952,57072,106212,25421,56436,63205,42726,27941,109.05
140,2013-09-24,1486002.0,551558,873665,323764,155550,143450,225345,57474,114154,25377,53344,63528,38826,24837,107.68
141,2013-10-01,1514280.0,582100,888401,321032,156410,149818,219837,59183,114673,18873,51737,64528,43419,29530,107.32
142,2013-10-08,1569399.0,618511,936650,325231,155780,146806,230408,65222,115406,20310,52050,68886,43841,28599,110.56
143,2013-10-15,1535398.0,605327,912181,308873,149977,157666,226666,63694,109333,18494,46921,68070,40969,27556,110.67
144,2013-10-22,1479721.0,531851,848852,323207,139437,149312,234744,81564,108727,19501,48459,70135,42244,33235,109.57
145,2013-10-29,1460661.0,540697,846973,338985,132101,135594,219283,94641,102715,16865,47511,68415,38107,32711,108.04
146,2013-11-05,1461869.0,564199,841656,337260,135798,136196,211223,101018,90120,16632,52684,70137,36102,34260,105.01
147,2013-11-12,1517633.0,622678,886801,335886,122632,152391,192739,103483,85036,12138,47805,83716,33049,35769,106.29
148,2013-11-19,1518289.0,620024,877467,317624,131409,154584,205283,97990,81223,16026,54259,89294,34231,32063,108.29
149,2013-11-26,1546748.0,619833,901305,322067,129733,154303,223234,95266,86109,16651,57117,91162,33389,31753,112.04
150,2013-12-03,1551308.0,626798,878909,289541,129120,175139,224355,94280,87101,16905,58811,92624,38845,35324,113.06
151,2013-12-10,1572940.0,666661,895524,286699,129996,174141,221138,104863,85176,13009,61438,93861,32255,27941,108.91
152,2013-12-17,1499310.0,637214,840961,287819,127443,157637,198952,110504,71238,11265,59530,96128,39057,35869,108.91
153,2013-12-24,1436241.0,594001,815329,281974,130412,153002,212344,88605,64191,14259,73681,81894,34576,29127,111.57
154,2013-12-31,1442907.0,589647,811368,280309,135716,156305,218558,87842,61837,16123,74440,83507,36621,31892,109.95
155,2014-01-07,1444153.0,598331,799672,290817,126788,159037,196336,102998,53670,15095,71436,96289,34578,34263,107.01
156,2014-01-14,1454277.0,598280,801174,301386,118361,160749,186211,103044,67941,13504,72596,91498,34708,38914,107.12
157,2014-01-21,1466531.0,581417,809301,316201,116974,159219,193591,104069,73422,14507,72613,94228,33946,36705,109.17
158,2014-01-28,1476358.0,604050,825786,308979,124839,152280,207109,108766,66059,13261,71154,91055,33565,36419,109.1
159,2014-02-04,1494756.0,623087,829314,311632,132241,158856,203114,116691,53646,14521,69258,96841,33059,37909,107.04
160,2014-02-11,1505087.0,592247,816261,297270,130281,162345,222129,109321,60647,14314,76484,119961,36174,29787,109.21
161,2014-02-18,1502814.0,569185,790380,297783,135929,160243,232067,105586,70879,15139,82587,121470,36048,35740,110.14
162,2014-02-25,1519265.0,566341,808463,288074,129110,166070,244977,99074,80787,17739,83031,117463,37814,35267,109.19
163,2014-03-04,1564830.0,613213,857119,288324,133986,152843,246239,93352,88187,16836,85512,122239,36949,31592,109.17
164,2014-03-11,1551672.0,625606,869934,291551,124723,151926,229970,89806,84237,16159,82172,113589,38634,35285,108.35
165,2014-03-18,1477704.0,579633,823506,283543,122385,153117,218125,77208,92183,17109,76769,96519,37475,36017,106.79
166,2014-03-25,1474992.0,577590,823541,288243,118007,147768,218640,82655,94306,15876,79498,96489,36080,32728,107.01
167,2014-04-01,1509421.0,604591,842973,280732,116759,148035,219151,85565,102425,16703,78158,102685,35099,32821,105.7
168,2014-04-08,1521521.0,609874,871248,290919,113633,153534,220815,80291,97985,18615,78679,92581,37198,33570,105.83
169,2014-04-15,1491344.0,588386,892315,286691,109713,145949,241255,67590,91103,23144,73634,81136,33680,29904,109.1
170,2014-04-22,1497512.0,585544,899865,282669,120969,137344,253996,47425,99671,22523,78999,81187,34578,32052,108.54
171,2014-04-29,1488670.0,589980,905606,274872,120736,133380,254383,47490,92777,20891,77009,83642,38745,28030,109.89
172,2014-05-06,1540545.0,634931,926920,282393,115357,141801,232827,60497,84314,19975,75413,107461,36843,28782,108.3
173,2014-05-13,1553872.0,641293,950211,284483,105039,147550,240156,59850,72858,21331,78670,105058,41143,34636,108.78
174,2014-05-20,1535772.0,603505,941390,284619,99131,142978,254356,49700,78884,27834,88446,107219,36377,28024,110.35
175,2014-05-27,1556101.0,620410,967133,276691,97812,149078,258520,42495,73131,32267,86051,106943,39061,33458,109.81
176,2014-06-03,1577649.0,635596,986341,280753,90523,151676,253764,50215,70944,33038,83301,113844,38034,30805,108.87
177,2014-06-10,1582669.0,626984,986588,283316,84583,148747,257453,53919,74799,30525,78982,119790,41055,35261,109.18
178,2014-06-17,1590022.0,617639,994595,276978,87921,155186,273015,50059,89407,34499,81188,99386,43912,32280,114.02
179,2014-06-24,1653859.0,649667,1036188,274220,94366,162380,289479,49038,96131,37043,84973,98364,46575,32419,113.74
180,2014-07-01,1619559.0,603225,997434,270035,86209,170425,290992,50900,106286,33985,78786,91617,52994,37902,110.84
181,2014-07-08,1583377.0,604058,966983,280957,90864,162007,271986,60025,93637,29231,77672,93998,47503,38191,107.65
182,2014-07-15,1413073.0,503813,834136,293012,88084,146297,237134,73387,65023,30564,78276,98721,38509,29149,104.73
183,2014-07-22,1354585.0,485713,796596,300813,83882,144765,211590,82971,63678,32980,75136,79291,35755,28266,106.48
184,2014-07-29,1330224.0,455579,764375,303272,81873,148479,210223,80008,73070,32019,81549,73320,34262,27550,106.98
185,2014-08-05,1324964.0,450889,731712,295758,81990,146407,207054,100578,74633,30359,71237,87559,32305,30848,102.82
186,2014-08-12,1325400.0,459476,720502,299159,78950,142498,199980,121470,70465,30690,68585,92161,30971,30769,101.68
187,2014-08-19,1319119.0,450018,702395,314533,76994,141609,194773,127442,79945,30849,78622,78328,29064,33784,99.74
188,2014-08-26,1339866.0,445637,711425,314219,64753,144743,198043,129625,92845,32529,78958,80852,30998,36665,100.5
189,2014-09-02,1379981.0,461907,734288,323182,63423,140109,206560,140619,96662,33176,80282,88185,30200,36413,100.21
190,2014-09-09,1409506.0,483182,766696,329022,61388,137745,201762,130589,106266,31024,83477,90904,29601,32441,98.08
191,2014-09-16,1362620.0,438798,736338,345528,60853,134105,201789,132753,106111,27721,81241,79096,29472,32123,97.39
192,2014-09-23,1386254.0,462626,735247,347348,58672,135086,196330,152612,105413,29148,80015,84190,26113,35019,94.87
193,2014-09-30,1447404.0,472552,742753,349032,57651,128698,201307,163923,103594,25757,78509,89303,77161,82973,94.67
194,2014-10-07,1435710.0,456469,745961,359734,51836,144951,204007,160058,101901,27579,76159,94336,46733,60508,90.9
195,2014-10-14,1475374.0,476088,766959,355378,47524,163373,200040,150027,104449,28375,80087,97572,50099,65383,86.36
196,2014-10-21,1458024.0,447264,735020,371935,51933,152427,199194,160723,117259,27681,84620,99260,43004,56782,85.17
197,2014-10-28,1492124.0,462179,758233,377295,46461,151031,201987,160534,130601,26258,90424,104817,37956,50023,85.57
198,2014-11-04,1501447.0,461606,743040,377289,49853,156581,204499,160305,132400,28561,95578,111424,29087,52266,82.12
199,2014-11-11,1439621.0,425163,730254,365571,46341,136807,207758,140426,132111,27219,103363,96164,48828,54155,80.94
200,2014-11-18,1404813.0,410512,710319,366724,49762,129693,206111,146356,126095,29327,100165,88372,47979,54051,77.23
201,2014-11-25,1450114.0,434143,740819,378301,49302,126803,213486,151141,123151,27205,103834,97929,49096,57135,77.62
202,2014-12-02,1527321.0,468456,791336,376189,59989,138614,223265,133149,122516,28366,103458,111725,58190,66534,71.13
203,2014-12-09,1510773.0,439072,750639,370999,68795,144813,230266,134787,126776,28045,108325,123636,47166,53002,66.11
204,2014-12-16,1492374.0,403289,702617,373305,98979,151745,248268,108687,135154,28649,122881,102405,49559,69906,60.26
205,2014-12-23,1498471.0,408357,725643,385115,96694,149174,233373,115911,133493,33658,120433,103628,51673,53495,59.07
206,2014-12-30,1502619.0,417921,734333,384770,102670,145209,237816,118796,123272,37426,121538,111195,45010,45606,55.6
207,2015-01-06,1541583.0,414435,754077,387550,119356,141039,259730,117444,131612,44617,113788,103955,58645,60312,50.12
208,2015-01-13,1654330.0,453688,821802,399434,106175,159069,280499,137748,144010,47262,113964,110093,60275,61469,45.13
209,2015-01-20,1694095.0,465841,831821,429464,103950,170555,280668,152867,136198,48353,131302,113359,49657,54043,46.49
210,2015-01-27,1753084.0,487592,864083,447110,104256,173673,282937,153197,144337,44189,143018,116497,56749,54023,46.55
211,2015-02-03,1837660.0,524126,909219,475010,98063,190484,275747,151248,152646,39084,155799,130247,50316,49954,54.41
212,2015-02-10,1824464.0,520538,931118,495831,102846,174495,278154,125919,141992,29894,159425,133894,49666,54775,55.79
213,2015-02-17,1811430.0,536487,965043,499039,106581,163992,276685,112436,125071,31481,152356,135913,42762,50038,60.78
214,2015-02-24,1819894.0,547692,971766,494536,118489,150195,286279,109339,124745,26226,160136,139080,51141,46144,60.33
215,2015-03-03,1845016.0,574831,993610,490823,126610,140755,297800,109390,114442,27114,165806,145284,53967,49119,61.18
216,2015-03-10,1888353.0,596122,1004323,483259,125140,141057,302061,118329,118400,29360,164236,174191,43903,42677,55.95
217,2015-03-17,1892569.0,603258,1003106,477717,114694,132070,296102,110304,135288,27088,173918,168559,52487,54630,52.17
218,2015-03-24,1909254.0,606930,1034949,489580,113741,129928,295381,102083,132816,27700,167865,173515,53404,54357,53.61
219,2015-03-31,1964341.0,630843,1092540,490227,110113,137173,323949,103723,131304,30677,172090,178046,42122,39352,53.69
220,2015-04-07,1989767.0,651825,1128002,484663,106477,138774,330184,92711,145880,31627,172813,153863,52951,51247,57.55
221,2015-04-14,1989782.0,641548,1160836,465835,100290,156686,342901,77684,126856,30916,163648,156999,68041,46783,57.69
222,2015-04-21,2025465.0,687394,1202194,479455,104233,160304,334882,65288,138193,32372,171154,144185,48680,39914,60.12
223,2015-04-28,1993521.0,644794,1177788,478688,91279,158997,346286,68695,125801,35833,176381,148102,55020,46478,62.61
224,2015-05-05,1964823.0,603241,1150958,478939,92437,167202,345826,54093,111625,41651,173492,154473,61866,60543,65.44
225,2015-05-12,1845418.0,548538,1100827,484786,94668,130432,327501,46657,103268,42741,157681,155846,52306,56039,65.09
226,2015-05-19,1728354.0,484735,997992,489611,91329,122744,294397,51339,101842,42659,160976,143732,48634,58400,63.48
227,2015-05-26,1721978.0,484911,966983,483376,89410,121276,283690,60874,112891,41163,158025,145848,48823,66671,61.65
228,2015-06-02,1806078.0,557077,1032332,481672,80786,121203,267627,60151,118143,39567,155647,162920,57869,74896,63.14
229,2015-06-09,1820804.0,579353,1051921,476844,79384,112824,270024,66561,119191,45846,160032,179217,37505,51674,63.23
230,2015-06-16,1733342.0,532505,987839,469131,72696,102387,267629,72407,110390,48832,170290,168591,33877,48742,60.75
231,2015-06-23,1776527.0,565735,1017400,489556,90228,104329,276171,82409,97003,48798,177477,149603,45332,58078,61.67
232,2015-06-30,1826364.0,588953,1035097,480680,93067,111336,287323,86857,98355,49253,181812,180234,30230,39606,60.31
233,2015-07-07,1850822.0,600156,1043223,475380,77719,131986,298194,90253,102781,42770,184586,153963,45592,66311,54.72
234,2015-07-14,1839732.0,564463,1035143,484835,74374,117867,314325,86812,112165,47253,192622,156594,42230,64155,57.2
235,2015-07-21,1798520.0,553610,1001427,485250,74996,114588,304124,89517,117768,42970,199083,139929,40281,61212,55.94
236,2015-07-28,1845725.0,601133,975921,474562,93403,117736,280152,101462,139063,39787,207471,149732,43560,60937,54.3
237,2015-08-04,1887660.0,627896,967475,480190,96883,117343,271186,121132,140258,38058,212048,166344,46385,66177,49.08
238,2015-08-11,1904318.0,656825,970692,488870,88277,112501,261175,131101,135836,35170,228263,166208,47733,71440,47.33
239,2015-08-18,1875491.0,608935,926926,491837,91124,111025,272076,128700,138719,35461,245984,182928,34510,50085,47.0
240,2015-08-25,1919729.0,634882,940576,496414,96593,105628,269315,124073,155681,33514,247042,176637,47658,73499,41.86
241,2015-09-01,1938554.0,614849,944818,499936,93069,127873,264239,119218,156870,41129,250655,180305,53353,65746,48.8
242,2015-09-08,1985929.0,665379,1019723,498779,89905,134170,269022,97068,154523,40030,247885,175840,48186,66815,48.88
243,2015-09-15,1992876.0,672213,1018564,503231,92983,130532,268688,105134,159874,37879,254251,179780,40679,51758,45.91
244,2015-09-22,1981758.0,661919,1024633,507567,93330,123953,281675,101673,155019,37018,253912,164591,50016,64647,46.69
245,2015-09-29,1991532.0,649617,1006536,499497,100019,129376,277648,101753,162119,36070,247106,181211,55994,63412,47.58
246,2015-10-06,2080368.0,673671,1056993,506791,101436,142955,286274,96870,170983,40795,248344,196074,62825,66713,51.34
247,2015-10-13,2077009.0,669715,1077160,498806,96433,143453,293112,86036,168340,53180,249983,189474,60929,66130,48.94
248,2015-10-20,2088235.0,706118,1087558,494718,99285,145904,289637,100444,172375,51781,248188,173051,54651,61430,46.93
249,2015-10-27,2165300.0,745588,1107104,492112,96688,162928,294027,124590,176748,55189,250318,193332,45376,53592,45.54
250,2015-11-03,2219963.0,784824,1178809,502499,91170,161312,303424,115559,162959,50299,253306,194125,60521,62723,48.0
251,2015-11-10,2114179.0,736699,1143804,487791,78169,160200,312939,110696,138043,49328,249354,168911,60268,65002,46.44
252,2015-11-17,2140583.0,737177,1154054,513834,69570,143111,311817,136484,152162,57512,257674,176821,48149,50707,41.28
253,2015-11-24,2176977.0,742952,1171657,523258,75586,145975,322278,127622,160892,59665,264708,166671,55286,63866,44.38
254,2015-12-01,2161700.0,733587,1145279,519518,83450,143873,314662,127049,159678,58949,265869,176123,55310,60379,42.97
255,2015-12-08,2134049.0,702531,1102367,512990,93932,147437,318166,119715,155586,61787,272193,178989,56563,63830,39.44
256,2015-12-15,2066876.0,661219,1036308,501884,88094,157067,301228,124027,155251,60934,275929,166915,62378,63285,37.66
257,2015-12-22,2057181.0,674492,1027332,495088,100699,144922,304246,131901,153786,60949,273582,169122,54576,55837,35.26
258,2015-12-29,2059408.0,661530,1003452,493591,104585,151167,305155,137740,164007,62235,277936,167313,54410,53208,36.85
259,2016-01-05,2014596.0,597380,958711,491877,105363,143324,320370,132627,167005,65598,281765,173090,55952,52711,35.56
260,2016-01-12,2052380.0,602179,993718,499311,108000,133808,333339,129083,166615,75325,288566,174428,67375,58162,29.14
261,2016-01-19,2127444.0,597726,1037295,522845,97824,154328,344728,129080,187168,87069,291400,173993,59587,56356,27.36
262,2016-01-26,2126558.0,575275,1071359,549326,103755,140511,356850,102830,197757,73057,279734,171828,61954,58784,30.94
263,2016-02-02,2102830.0,539152,1073261,565185,112343,127347,380712,95383,178916,74511,279847,183353,53654,52380,30.98
264,2016-02-09,2127888.0,570474,1079438,550421,109747,141406,359631,96290,193346,76624,274853,179345,56641,53463,30.15
265,2016-02-16,2175124.0,568765,1113565,558042,101040,164643,365440,88087,204766,76008,267270,178994,58466,56759,31.09
266,2016-02-23,2240739.0,603241,1215461,566583,80905,153806,385886,75182,208217,83136,270872,187230,52640,49066,31.9
267,2016-03-01,2166209.0,545920,1205651,579341,76376,134959,397562,71471,189748,88419,264547,176319,53941,47138,35.73
268,2016-03-08,2175275.0,570715,1249477,587548,69675,126671,379298,63239,199459,96626,260596,159293,55665,46865,39.16
269,2016-03-15,2148230.0,544284,1240009,578684,54415,130170,385043,54142,200766,91375,257901,163361,54547,47466,37.49
270,2016-03-22,2198058.0,588664,1300005,581988,53677,127953,388385,44228,200580,90115,253413,168989,51384,49213,40.54
271,2016-03-29,2158312.0,579055,1306028,564721,44730,130165,393522,45168,174129,91658,250143,160170,64892,47779,36.75
272,2016-04-05,2172294.0,571291,1312048,576128,38592,125785,400937,50116,181955,93798,246503,167264,55136,50031,35.88
273,2016-04-12,2318388.0,653173,1437332,566389,35430,137071,422618,30546,196460,92636,246981,184931,65110,49637,43.02
274,2016-04-19,2315538.0,642173,1436046,552127,27539,157660,436168,28046,176548,99142,249582,201969,49751,38148,43.02
275,2016-04-26,2304906.0,647047,1434227,556208,30166,151947,437232,28522,178136,88631,245754,183485,62220,52669,43.94
276,2016-05-03,2168567.0,574473,1344059,558362,28733,140499,415223,34171,160845,83192,239187,176978,58995,44095,43.09
277,2016-05-10,2149784.0,575457,1320815,569718,25412,135706,389751,39578,161027,76375,238288,187822,53928,41136,44.01
278,2016-05-17,2222051.0,592297,1371918,574459,28271,150922,406864,23174,169704,75535,241966,189336,62934,46760,48.71
279,2016-05-24,2240011.0,599471,1364748,561522,21638,153990,401134,33433,180042,74261,233765,207868,61723,44527,48.42
280,2016-05-31,2190724.0,558480,1335551,555957,21254,158761,404729,31378,179254,79672,226716,197177,56694,40633,49.26
281,2016-06-07,2181360.0,543700,1303977,549681,24502,156512,414896,36406,176110,78765,232438,206077,55619,45338,49.76
282,2016-06-14,2240244.0,600838,1342902,542150,21638,169765,412659,46291,175488,76602,229623,203471,59271,51066,47.88
283,2016-06-21,2246618.0,575936,1307266,543965,21986,166977,405898,50547,197124,81825,232186,217582,57311,52950,48.18
284,2016-06-28,2213587.0,595333,1264851,514347,28302,182024,388663,53678,203178,75150,232727,199920,54972,48907,46.29
285,2016-07-05,2186047.0,564391,1218158,517758,30385,184834,384906,65536,199129,76266,233809,205519,53244,48677,45.64
286,2016-07-12,2211694.0,609722,1257531,515765,36338,182671,383777,68069,187859,70402,228224,204458,57040,46544,46.72
287,2016-07-19,2238396.0,621660,1265930,513198,37230,190872,384641,73602,190646,79397,226975,208299,49683,44842,45.7
288,2016-07-26,2193999.0,593415,1214862,521987,38086,171225,380258,86327,199249,82030,237406,193905,51930,52939,43.56
289,2016-08-02,2141895.0,554082,1177718,544198,26228,154172,383478,123141,192097,76285,234987,186588,50995,46964,40.0
290,2016-08-09,2197866.0,593094,1255603,542721,25861,149245,396594,102803,200461,77622,229337,181721,56408,52835,43.37
291,2016-08-16,2224359.0,581579,1305340,543612,29015,156999,419572,62566,212414,74983,228011,179299,55901,50715,48.27
292,2016-08-23,2280200.0,602333,1343608,514819,27098,165776,443894,50563,218117,81992,227740,194777,58492,52521,48.7
293,2016-08-30,2166947.0,538576,1269611,500210,31067,160814,441703,48816,213482,85438,224751,188848,37876,29558,47.94
294,2016-09-06,2103831.0,499370,1217085,516122,27132,148101,424879,69649,213947,86836,220605,162905,51671,44407,46.21
295,2016-09-13,2129325.0,530099,1247864,511176,27389,154608,420704,63437,203698,91051,217193,169453,48536,45683,46.48
296,2016-09-20,2139929.0,542283,1226142,516061,26975,154863,388609,78510,220815,92048,211012,174846,50404,46766,45.24
297,2016-09-27,2152737.0,560645,1217728,521550,32992,152688,383721,88661,208193,88497,214548,180858,56585,57069,44.95
298,2016-10-04,2152944.0,534231,1262491,506235,32429,156870,421748,56062,203183,94020,209376,197263,39394,35270,48.81
299,2016-10-11,2147533.0,505616,1253919,500167,44720,159454,449110,43668,194030,89316,212714,195542,54298,43486,50.48
300,2016-10-18,2194353.0,527562,1259655,506750,53144,164888,448733,51019,210695,87571,212210,195446,52708,47296,49.81
301,2016-10-25,2206587.0,505230,1227560,518751,51349,154070,441251,61440,249418,92526,218787,204273,41068,39690,49.08
302,2016-11-01,2119541.0,541685,1188672,507412,47071,131368,432873,92031,232382,61022,219359,164419,48380,44239,45.77
303,2016-11-08,2168154.0,581491,1172632,534091,37834,132281,408978,148300,221092,63964,221251,171366,54891,63398,43.47
304,2016-11-15,2258479.0,624228,1219544,559509,34748,147780,402746,161896,222996,68203,234050,158341,74676,79124,44.15
305,2016-11-22,2297697.0,629840,1248249,554985,31738,158234,429981,148304,256035,48224,233927,164294,56104,56916,46.1
306,2016-11-29,2186768.0,558270,1172489,536629,36449,149872,428739,125554,231837,50134,237430,198692,32595,34445,44.68
307,2016-12-06,2248546.0,547445,1276198,530320,38660,144121,495604,66749,247941,48386,249716,180407,54322,44754,52.31
308,2016-12-13,2284422.0,574695,1317744,525701,40418,140810,505967,54504,259133,55831,249616,177507,44778,44690,53.28
309,2016-12-20,2248102.0,526192,1276603,519960,38409,140962,469303,40047,298546,66014,240235,168478,58647,44822,54.56
310,2017-01-03,2194242.0,484834,1245935,484259,32588,143071,499016,51080,281725,78080,234939,165978,57279,38926,55.05
311,2017-01-10,2244190.0,541246,1275998,477211,30411,158540,493613,52462,267502,78295,250972,164238,63545,44067,53.2
312,2017-01-17,2230335.0,510538,1248626,466159,34711,171309,495700,39858,274213,78593,254261,170497,63326,36860,54.68
313,2017-01-24,2352735.0,609473,1325197,463121,30914,187757,479588,37180,292611,78052,255947,181797,60336,41332,54.7
314,2017-01-31,2423159.0,652294,1380994,445093,44709,186779,517520,44872,297542,86298,247395,181572,56061,39296,55.25
315,2017-02-07,2424972.0,650617,1361324,438650,41529,198515,511043,48856,307066,87410,248655,174261,57410,44766,53.79
316,2017-02-14,2392038.0,594946,1334563,437122,39809,204406,522785,41723,303329,93578,249372,176294,59578,42542,54.96
317,2017-02-21,2383704.0,571051,1350804,439510,36629,197774,553253,43222,297153,95907,243105,172756,56300,42261,56.34
318,2017-02-28,2420895.0,619286,1375714,458213,36242,193632,525556,56288,297065,95750,244464,173274,58119,44216,53.36
319,2017-03-07,2368175.0,573529,1326509,457831,41141,192453,534398,64871,289841,92016,238760,174888,53219,39712,54.61
320,2017-03-14,2383433.0,615589,1326717,487452,42064,177231,504511,98541,266569,105523,234738,186788,39770,50785,49.6
321,2017-03-21,2476007.0,701215,1422028,488993,33281,190581,503451,105710,257510,108963,233298,182154,43140,51445,50.14
322,2017-03-28,2466975.0,717724,1424420,488356,26590,204263,473146,105535,251300,108502,227746,191466,32218,35655,50.72
323,2017-04-04,2379720.0,595534,1323379,484021,27464,206076,486751,92882,259212,106152,228638,196259,45715,45810,53.08
324,2017-04-11,2436208.0,619665,1382233,483900,26129,203342,499566,78098,277633,105237,235120,187541,59324,46112,54.73
325,2017-04-18,2466450.0,654948,1393367,460863,33665,212172,495938,80804,275695,117101,233591,199428,50305,37728,52.6
326,2017-04-25,2405583.0,667101,1342395,479185,26870,208871,444994,98821,262779,112961,236336,185165,44527,44346,49.37
327,2017-05-02,2393066.0,636307,1295468,489209,26702,198988,441156,131001,259432,129981,237799,199984,38009,43692,49.31
328,2017-05-09,2503604.0,704188,1363369,505753,26458,200330,431729,163742,262409,137343,234013,201820,60032,51463,47.06
329,2017-05-16,2536219.0,672686,1360360,526097,21071,211776,445495,164720,273799,125355,228677,229565,51446,46251,51.21
330,2017-05-23,2520481.0,666718,1393421,521673,24921,209338,448647,121626,270308,109775,223770,231584,62438,45513,53.19
331,2017-05-30,2431460.0,606978,1322605,515391,33158,198717,445758,111453,277566,97109,210070,235048,54893,42843,50.65
332,2017-06-06,2414912.0,604328,1266791,515734,35215,200532,443425,144897,249506,91172,223761,243702,66513,50508,48.11
333,2017-06-13,2459388.0,682420,1312812,511972,37016,183085,440322,162339,228774,85280,226547,257413,70122,51402,46.95
334,2017-06-20,2410990.0,660396,1255703,518158,33486,180746,396108,168256,229932,82513,221779,268340,74797,52748,43.98
335,2017-06-27,2398971.0,657076,1223288,510882,35756,186506,380639,174433,235919,84559,219687,272087,71303,51295,46.17
336,2017-07-04,2330552.0,615823,1192129,510732,37041,177435,397108,159249,237151,82978,226672,256034,53291,44841,49.15
337,2017-07-11,2307228.0,623528,1200624,497206,30400,176468,389740,151096,232534,93698,227562,243217,50837,45327,46.68
338,2017-07-18,2351065.0,656193,1229220,477514,29001,188356,402935,130728,250139,80407,228266,248270,47251,47085,47.92
339,2017-07-25,2377552.0,661569,1270259,477005,31769,187436,401963,101952,246038,85932,224729,266828,50781,48541,49.19
340,2017-08-01,2296782.0,639943,1268058,449557,20221,206258,431612,73057,207998,83327,241185,236454,41633,43551,50.77
341,2017-08-08,2346437.0,634741,1329042,445532,19097,197934,474354,57069,220164,85228,233870,242979,45505,46282,52.18
342,2017-08-15,2398098.0,671517,1379188,436131,17220,199548,491202,60090,233377,82985,226595,233733,49605,48347,49.9
343,2017-08-22,2336873.0,596950,1305414,443480,22321,192592,493631,62044,238508,80424,225465,238407,52881,52122,52.29
344,2017-08-29,2300658.0,559766,1277182,445567,23295,196455,493314,62490,239582,84170,225526,231364,50440,44764,51.64
345,2017-09-05,2280454.0,557755,1276789,442816,26254,194435,494210,64036,228397,89289,223467,225882,47670,41194,53.63
346,2017-09-12,2375675.0,638398,1366834,435604,31880,187191,510025,60889,233331,98943,232537,218392,53791,44621,55.06
347,2017-09-19,2409924.0,605301,1352189,407757,38421,206676,546741,59821,254382,107749,221635,233374,47944,43426,56.58
348,2017-09-26,2458746.0,648427,1405736,388906,46267,209300,583897,60196,254236,112823,225607,205687,55470,51717,59.77
349,2017-10-03,2358323.0,563153,1314938,383643,47183,205759,579351,55046,243791,108945,226357,214698,58983,50551,56.12
350,2017-10-10,2422649.0,607467,1341374,383845,47674,227544,564573,55175,246899,106660,222410,233039,52622,48534,56.62
351,2017-10-17,2488934.0,666770,1415399,387021,46004,234841,564764,49870,247930,111438,223520,222138,54032,49232,57.63
352,2017-10-24,2496270.0,670919,1430630,378483,45435,230118,575157,45939,249695,115456,224372,216541,59901,53540,57.84
353,2017-10-31,2462367.0,613239,1373069,367758,39755,225275,589418,42610,258155,111603,228548,243485,53434,51470,61.35
354,2017-11-07,2422103.0,561196,1351972,376359,39861,211064,592085,42404,254154,113377,212056,266442,47426,44150,64.36
355,2017-11-14,2512167.0,622317,1404845,374445,39223,226060,596767,48792,264397,111588,211652,267775,48818,49423,60.91
356,2017-11-21,2546280.0,666466,1433369,370157,42441,230220,580108,46794,260969,111157,209300,273939,53264,49248,62.28
357,2017-11-28,2451202.0,618563,1388030,379224,34473,211988,574060,44470,243409,107029,211123,267574,49355,50135,63.56
358,2017-12-05,2370204.0,561500,1333382,385071,32923,198345,582052,54255,247616,102149,216338,240451,53020,46894,63.45
359,2017-12-12,2335369.0,553132,1316302,378931,36464,199464,591090,53669,243874,97138,214615,215673,56067,55308,64.96
360,2017-12-19,2389038.0,602565,1347908,383415,35293,208305,581623,59198,255313,96067,224802,211044,50706,47175,63.69
361,2018-01-02,2337981.0,515349,1313354,394862,38544,200815,617628,56738,246204,109318,235096,205932,47873,41298,66.65
362,2018-01-09,2411211.0,502246,1295828,392753,43565,207686,629610,61758,279072,109997,242937,237503,52344,42862,69.08
363,2018-01-16,2516769.0,585558,1352222,387164,47659,231448,625316,59948,281606,105116,246951,253660,46901,43275,69.4
364,2018-01-23,2602269.0,661317,1436819,373311,49365,245629,632922,53662,281208,102366,238702,252991,52525,43893,69.81
365,2018-01-30,2516759.0,604675,1391589,384426,53386,233567,618968,36403,285047,99581,234200,244799,45696,37768,67.78
366,2018-02-06,2396395.0,540914,1324738,382230,53242,223611,615118,33269,264874,97655,229440,219935,52058,47286,66.75
367,2018-02-13,2417217.0,571526,1317374,374625,51374,215780,584347,30519,254118,93317,238486,219223,104281,90343,61.94
368,2018-02-20,2381992.0,613315,1336553,394224,53845,204840,557592,32552,227916,91995,242504,227129,64981,56653,64.68
369,2018-02-27,2374174.0,607373,1329095,390724,58162,210743,571911,33803,222982,86536,248038,230547,53358,40804,67.59
370,2018-03-06,2292846.0,569525,1269791,389252,58512,203522,571550,40007,220435,82221,251668,208735,47606,40176,65.67
371,2018-03-13,2332532.0,623650,1311119,375641,62809,203541,574363,34233,221982,81702,253767,203391,48262,41690,64.2
372,2018-03-20,2422164.0,677183,1386673,378191,63231,205964,599562,38354,219598,81027,257830,207184,53455,43330,66.0
373,2018-03-27,2447308.0,662755,1423566,388117,68554,218076,624565,28969,199096,83095,248375,220025,51579,40647,68.63
374,2018-04-03,2391673.0,607637,1394340,403592,78524,195490,622174,21655,205652,85254,236218,215585,56289,44209,69.02
375,2018-04-10,2459397.0,628533,1453897,415925,71358,189294,634302,19687,226384,87104,230477,224238,53617,44062,70.67
376,2018-04-17,2505741.0,638300,1490896,417323,60587,208350,629847,22796,229963,91786,213700,241082,49090,38367,71.71
377,2018-04-24,2641212.0,732637,1602289,460230,89182,191120,624320,24679,231608,90375,205844,251604,59318,44886,75.86
378,2018-05-01,2550782.0,665521,1552231,480939,71238,173004,600249,25332,240683,98266,206589,235517,56603,46188,74.85
379,2018-05-08,2598309.0,673392,1545283,487330,70687,186272,579445,31040,270587,101752,205023,243712,55819,45705,74.16
380,2018-05-15,2703947.0,723098,1562128,482791,75729,213353,573057,54122,289805,99002,192680,267080,55761,49050,78.94
381,2018-05-22,2695794.0,684602,1499432,497876,68394,213064,540521,66655,320700,94948,190625,278232,65851,58692,80.42
382,2018-05-29,2642061.0,710001,1482099,475436,67694,215296,507705,72430,295049,101931,176147,270300,66343,63046,74.51
383,2018-06-05,2543525.0,704598,1410084,438566,67027,217617,490030,70082,298721,102136,192472,239563,52294,47959,72.91
384,2018-06-12,2561638.0,740822,1457247,427858,64406,200093,502154,64969,303048,101874,188294,232829,52960,50752,74.86
385,2018-06-19,2516942.0,687806,1433094,484966,63247,206926,499818,57639,289889,66359,184354,232417,48761,49376,74.92
386,2018-06-26,2410178.0,648098,1389855,502703,64567,183122,491429,58621,249209,57432,193951,224973,53212,45880,73.58
387,2018-07-03,2406887.0,620945,1374258,522879,70445,162557,484048,50090,280539,52939,196817,227156,55824,45025,75.87
388,2018-07-10,2399243.0,620302,1367787,521231,67670,163862,473856,47996,283593,53352,200898,225395,57652,42042,77.8
389,2018-07-17,2362365.0,638290,1318418,523392,67769,174049,412258,71243,269817,61228,188601,225581,57750,46887,70.87
390,2018-07-24,2355623.0,619484,1317895,529056,70562,166266,406374,51946,278408,67090,190248,235202,53743,45096,73.53
391,2018-07-31,2310543.0,605310,1324237,534584,67430,140682,397721,39736,277641,70759,185581,221069,62777,54167,74.16
392,2018-08-07,2288028.0,607151,1316570,525557,66057,137402,387947,43945,277736,73778,178351,220178,58279,47789,72.31
393,2018-08-14,2331228.0,653819,1353331,514977,65740,148886,378272,45066,288295,79300,173807,208805,58874,47298,70.77
394,2018-08-21,2318018.0,657660,1333025,504437,61685,152583,357969,39473,293868,80884,178338,210570,60047,48476,71.65
395,2018-08-28,2278580.0,610287,1316824,465521,46496,171726,411733,29981,268225,79575,184918,206075,65438,54335,75.91
396,2018-09-04,2199848.0,564595,1273849,464257,49896,163521,440530,30270,248010,73029,198846,186026,59880,49430,77.51
397,2018-09-11,2223784.0,584667,1302321,467299,53107,149790,459740,26253,249374,64595,209093,185311,63008,48535,78.22
398,2018-09-18,2241116.0,582341,1309038,464200,55767,154651,477655,26442,235173,64630,210971,201236,61230,47838,79.25
399,2018-09-25,2283270.0,580612,1320448,455207,58818,158313,503758,21568,239807,62458,219027,220056,63059,45233,82.21
400,2018-10-02,2249878.0,563604,1282109,458287,59099,158629,496822,27911,225604,58514,226215,226262,62156,44049,85.63
401,2018-10-09,2297274.0,625781,1306641,427239,59904,163343,490357,26462,237135,50050,219567,234937,68432,49285,85.16
402,2018-10-16,2285875.0,662121,1313670,434085,58779,172060,430348,28157,238976,57165,200058,224284,66836,49891,80.53
403,2018-10-23,2188757.0,588397,1217011,429305,60207,180111,401814,43235,222900,61700,182043,232245,72285,51005,78.67
404,2018-10-30,2129247.0,586475,1182940,414132,56653,170521,378879,68935,190849,72999,162772,250783,64609,45794,75.68
405,2018-11-06,2092778.0,564306,1160514,446327,61924,147432,343344,77174,190528,85188,165445,247444,68209,42317,70.64
406,2018-11-13,2149239.0,617564,1169213,448435,51380,154125,312808,94442,209008,91822,165604,240468,75009,64999,65.45
407,2018-11-20,2281771.0,703153,1237959,467246,63730,164860,290315,105218,226150,93191,158630,261871,74985,63353,61.5
408,2018-11-27,2215066.0,675731,1173942,489523,72797,156354,285565,110132,212194,84229,189502,248941,62529,51204,59.58
409,2018-12-04,2135733.0,635245,1120288,520411,72261,125059,268931,123211,217212,77952,194442,230735,60188,52525,61.22
410,2018-12-11,2219658.0,673653,1162483,527774,74228,122199,276063,128219,243616,76001,202742,237635,62717,48536,59.73
411,2018-12-18,2224120.0,672429,1133687,522243,72231,138316,274451,114891,250869,74100,230914,221668,70044,61544,55.26
412,2019-01-08,2219185.0,676326,1143598,525191,63571,141920,266757,101603,262951,79244,254432,210294,56502,40816,56.91
413,2019-01-15,2320199.0,710882,1199304,541707,52867,135137,272667,91566,284393,73960,271287,240584,60869,45061,58.65
414,2019-01-22,2385131.0,730006,1245558,543049,49959,140045,278049,68153,305771,75804,275896,253573,58834,46176,60.9
415,2019-01-29,2337462.0,679499,1225073,539026,49994,151468,291953,46261,284192,71971,272827,261996,57357,45651,60.98
416,2019-02-05,2320071.0,606666,1202511,554671,56972,112523,306928,60575,272003,114984,272099,298332,53964,45056,61.67
417,2019-02-12,2304679.0,643715,1219167,565079,55514,111053,335680,57056,271111,69625,293455,250566,57850,46757,62.58
418,2019-02-19,2306890.0,665817,1244658,558092,52422,117418,350296,54925,242326,63912,296850,246006,63023,52285,65.86
419,2019-02-26,2239835.0,653121,1234843,545352,59715,133804,364681,54329,203838,67922,290887,224374,46743,38045,64.51
420,2019-03-05,2239766.0,673153,1270052,557265,50281,122649,357702,53888,210468,68326,287190,201261,48942,43977,64.24
421,2019-03-12,2354854.0,763810,1371269,550521,49535,113462,364683,58311,233397,72562,282619,203722,52697,42539,65.33
422,2019-03-19,2395284.0,782416,1391477,533794,55184,121081,374478,54950,240288,67810,269715,221156,54261,41433,67.13
423,2019-03-26,2404230.0,749862,1377968,526717,58616,139626,387829,55767,236675,72606,260473,230802,60113,44303,67.51
424,2019-04-02,2253759.0,622161,1275762,528364,66015,121728,414337,48654,224933,67705,258205,215859,58672,42603,69.68
425,2019-04-09,2256732.0,624227,1304857,544103,60572,121748,419059,40103,199997,64101,259540,224846,58651,45069,71.02
426,2019-04-16,2300065.0,630040,1314123,537282,64313,131713,435017,33872,207709,57985,258370,244177,56142,45788,70.74
427,2019-04-23,2308168.0,607758,1297621,540134,72888,131528,454365,28730,206229,57534,270763,243891,66729,56518,74.39
428,2019-04-30,2229643.0,585944,1246026,514221,76865,133343,453679,34479,181803,64965,277102,239231,56457,40794,72.19
429,2019-05-07,2223948.0,584486,1246326,505553,72937,136045,445251,30365,191714,58941,260913,244123,57835,41525,70.98
430,2019-05-14,2259274.0,587059,1245960,509336,72211,130618,438349,30190,227575,57410,265656,248616,60311,38448,72.53
431,2019-05-21,2381934.0,672355,1329277,507139,72168,141358,439394,33787,232695,56867,259191,271242,60884,42216,72.94
432,2019-05-28,2350566.0,661681,1274791,502881,60341,151518,410660,52431,242403,52612,252784,271719,57092,44579,70.19
433,2019-06-04,2320580.0,697488,1248463,497805,53630,162870,365695,60675,219448,49458,258744,274338,53478,42412,63.56
434,2019-06-11,2378104.0,736727,1294555,511171,50413,157179,360283,65056,227280,53101,257761,282568,49795,43292,63.56
435,2019-06-18,2359544.0,703727,1258681,507230,53649,156980,352708,71840,228657,56756,242846,303309,50177,43582,63.35
436,2019-06-25,2391962.0,717653,1287217,526308,64541,144204,340307,74526,245218,59145,227788,311027,48100,37441,66.24
437,2019-07-02,2345720.0,667497,1252739,525775,58591,149237,331336,77528,266032,68593,219544,287236,50014,34813,62.72
438,2019-07-09,2334148.0,664775,1259805,523003,52372,155143,329219,76707,258188,64064,207717,285511,54245,38705,64.3
439,2019-07-16,2307221.0,619105,1236548,514553,55706,163645,350620,62573,270981,62600,209923,279612,46105,28233,65.87
440,2019-07-23,2283464.0,616189,1191409,508931,66177,176062,329904,68172,241008,57916,206318,298324,55130,35994,62.28
441,2019-07-30,2271297.0,606848,1156489,463891,75877,171047,351475,76159,254965,64655,193635,303145,55271,39980,62.55
442,2019-08-06,2266551.0,590155,1175988,500041,77462,164400,342576,86326,266250,75790,179566,277739,49600,38820,58.63
443,2019-08-13,2302912.0,614640,1199369,494629,68176,165456,317569,89046,283802,94837,167813,285657,46322,43593,59.9
444,2019-08-20,2350675.0,655022,1257791,491469,63653,164723,306768,85898,299677,107333,157220,279542,46141,42171,59.03
445,2019-08-27,2365733.0,691746,1302974,488814,64830,156725,320663,92513,287537,120365,165232,251147,48736,44775,58.44
446,2019-09-03,2363824.0,677850,1300744,525425,72290,137616,334204,87565,290339,111751,189866,241865,44774,43539,57.93
447,2019-09-10,2444077.0,682807,1361902,515678,70008,148744,367015,71086,307176,121080,189897,254148,47429,41116,64.67
448,2019-09-17,2423113.0,672563,1338176,493674,75720,150157,356082,75283,289054,141923,189816,266026,53634,38881,65.59
449,2019-09-24,2441625.0,693268,1358305,489945,76495,161126,348803,83907,256020,146023,175706,281403,65037,48663,64.13
450,2019-10-01,2365390.0,646104,1285662,484085,88583,166065,330357,88418,241677,163214,181591,276698,57190,36696,60.06
451,2019-10-08,2376784.0,645065,1282697,502212,75069,166474,297640,106345,257948,178016,174801,272986,56443,40464,58.14
452,2019-10-15,2392386.0,641413,1281496,491549,74763,171300,297960,108382,275739,186176,165237,277392,50857,38077,59.19
453,2019-10-22,2465584.0,679103,1330828,475878,79748,181791,301270,105432,286618,195198,149187,293287,52439,38693,60.5
454,2019-10-29,2469890.0,694664,1354363,466469,94545,180336,335832,93257,275051,181884,145614,286732,48922,39992,61.05
455,2019-11-05,2423706.0,659460,1330423,456091,101646,161921,361724,84359,297296,181713,156976,257761,47740,33324,62.72
456,2019-11-12,2496845.0,681950,1358968,441740,98774,172170,385004,80968,315780,174210,162864,272182,53809,35139,62.19
457,2019-11-19,2589144.0,740143,1404307,435878,100406,189031,388452,85228,327728,176158,168511,277292,54462,36641,62.37
458,2019-11-26,2613435.0,751384,1428785,430833,118198,193237,423089,70876,300331,171689,170342,291411,51461,40255,64.82
459,2019-12-03,2527691.0,723097,1359178,423373,110635,191283,401035,74884,282683,165440,184837,287967,52813,36224,62.95
460,2019-12-10,2586200.0,761177,1396503,412351,124523,186949,447337,68859,294645,151160,191107,280228,52353,43386,66.57
461,2019-12-17,2709066.0,856768,1508489,409410,130904,188559,478208,65292,302028,151589,197205,274567,47937,42022,68.99
462,2019-12-24,2681618.0,851480,1477465,382686,138796,208120,481314,71363,280472,153647,194947,271703,52196,38752,69.26
463,2019-12-31,2594785.0,770895,1373698,368842,130508,211644,495176,77887,283244,148828,213685,268634,47522,35485,67.77
464,2020-01-07,2588734.0,755664,1396692,376697,123520,209535,511255,74143,257447,144647,215526,277508,55981,34363,68.74
465,2020-01-14,2569275.0,762435,1381721,376523,115377,211052,501286,70671,248499,132266,223583,278279,58935,40093,64.45
466,2020-01-21,2578381.0,767514,1380581,378985,116085,208933,503611,71543,265476,124413,220758,273559,55890,41446,63.66
467,2020-01-28,2587883.0,809712,1408697,379070,100889,209359,481479,83719,261416,124507,216611,265890,56450,41302,59.37
468,2020-02-04,2464964.0,792326,1347776,402473,93147,195743,430553,87657,232810,122888,227557,234224,53947,46050,53.9
469,2020-02-11,2545195.0,871161,1394718,423665,71681,200962,385125,110941,245110,123658,232165,242531,52983,47087,54.0
470,2020-02-18,2581506.0,872966,1408161,437070,74852,201973,375242,99374,274998,119710,226692,241407,58140,54049,57.35
471,2020-02-25,2590103.0,865186,1403875,435391,75071,201849,393439,108599,280567,117841,229547,240881,54949,49714,55.29
472,2020-03-03,2480980.0,801559,1315588,479614,73704,181722,346706,119877,260304,107947,238341,237054,66074,54390,52.24
473,2020-03-10,2516944.0,812147,1261142,498063,81102,184452,291899,147151,269024,118780,231014,259535,83044,83524,35.57
474,2020-03-17,2594984.0,913828,1282343,509333,90853,200700,246057,175596,265233,119669,228582,281300,58864,70377,27.97
475,2020-03-24,2646355.0,983413,1325106,501205,112609,194563,207469,150611,258592,122615,215136,311758,66740,77980,24.5
476,2020-03-31,2617935.0,969216,1290412,482230,121762,205262,223629,159618,245281,121340,215047,310754,60223,69799,14.85
477,2020-04-07,2607485.0,992138,1324597,468621,120853,207515,244283,137851,228032,116564,232317,287257,63075,69063,22.1
478,2020-04-14,2675886.0,994618,1337363,462411,120374,231761,245568,134636,263617,134142,240894,282902,60867,64339,21.74
479,2020-04-21,2736880.0,1043997,1368777,457376,117402,240606,246312,107421,282505,119777,264853,276438,69869,78878,9.12
480,2020-04-28,2699655.0,1086855,1385889,440018,124998,237200,250723,92285,249567,99544,264046,272384,63364,73286,15.6
481,2020-05-05,2667013.0,1024898,1380261,463078,123642,224176,269882,74614,255903,101669,281557,275424,51983,51436,25.46
482,2020-05-12,2672144.0,1021278,1376818,473244,118555,222768,249260,73697,281219,116011,293781,254444,53920,50862,26.67
483,2020-05-19,2683639.0,1008747,1369589,467176,114520,234900,250372,71074,281539,127346,300818,256967,56592,54232,33.06
484,2020-05-26,2653260.0,979857,1330680,470991,107974,241510,253266,64633,273806,116122,319766,260699,57009,54192,33.95
485,2020-06-02,2612922.0,981876,1283131,434055,104199,265261,259221,68482,271382,103548,332887,244752,52827,42828,37.72
486,2020-06-09,2617156.0,957798,1301044,435502,93348,273717,265217,65677,272698,116103,327697,240192,55929,42783,40.45
487,2020-06-16,2692969.0,1025721,1359640,429453,94761,285446,265370,61310,276984,113878,329566,241391,54726,43871,40.75
488,2020-06-23,2703617.0,1053645,1398989,409473,97792,279185,277341,55261,276622,111297,315419,238913,57141,41436,42.72
489,2020-06-30,2695102.0,1090586,1417510,400730,104220,257282,272685,50912,277516,109960,316465,232647,53696,38550,41.64
490,2020-07-07,2593142.0,1018864,1331240,396978,100074,257758,264352,53998,266577,105268,311990,230968,52377,40537,43.28
491,2020-07-14,2593276.0,1024585,1323158,391167,91778,250519,275203,58001,270360,99122,327462,228668,53652,43330,42.97
492,2020-07-21,2589439.0,1009158,1304595,397383,95248,233450,279611,60070,287345,92552,336686,229005,60935,43040,44.31
493,2020-07-28,2545125.0,989288,1234376,410346,124064,218119,271303,76036,294520,90696,340378,215970,54883,41662,43.11
494,2020-08-04,2459086.0,957087,1165674,390073,120159,212673,273983,82595,278256,88447,352803,205914,52653,41012,43.99
495,2020-08-11,2475583.0,971879,1185576,391441,119991,209447,282607,74609,279941,86873,363227,198412,54983,44380,43.68
496,2020-08-18,2512720.0,999042,1210876,390449,111439,217072,284782,79558,276097,86402,368892,205605,53271,43181,45.34
497,2020-08-25,2492284.0,999773,1219477,392604,108992,207159,288390,85227,262351,86353,359786,206033,49621,43259,46.01
498,2020-09-01,2414147.0,961892,1161083,388443,98666,202742,278121,93942,266003,77668,362593,188753,50525,40365,45.72
499,2020-09-08,2469159.0,1021974,1148790,390917,88796,203193,243430,132036,281120,89974,380378,188626,49925,46220,38.53
500,2020-09-15,2456790.0,1035016,1126677,403607,81405,194176,227890,157508,268884,87560,387386,189953,49704,50801,39.54
501,2020-09-22,2416354.0,1002592,1109591,403163,78771,197715,228888,134838,270203,82312,391466,187618,43863,46152,40.84
502,2020-09-29,2367091.0,1001061,1087728,402708,83825,187875,221358,128214,258900,81956,403491,169945,43288,47113,40.33
503,2020-10-06,2369768.0,988115,1083402,425085,80840,165128,215385,134094,270872,82162,409645,182955,40066,42832,41.27
504,2020-10-13,2444636.0,1008878,1155533,441927,74787,194647,224706,108469,265091,79071,414435,187660,42656,44014,41.34
505,2020-10-20,2448313.0,979842,1166285,445966,66831,194277,241883,104383,270554,81104,413464,188648,46039,43871,41.62
506,2020-10-27,2422007.0,970318,1161872,479390,63664,159311,250331,111869,276609,66286,418178,188054,31708,42450,39.72
507,2020-11-03,2397154.0,1004642,1113185,479473,62318,132788,222329,133751,266735,68174,448302,193012,30001,47063,38.17
508,2020-11-10,2399805.0,997190,1150095,473713,59766,129617,230512,104300,277399,59278,433621,198584,33512,46423,42.25
509,2020-11-17,2406706.0,955943,1132361,465871,61041,134449,262893,87495,296959,62706,450127,192494,35391,51780,42.54
510,2020-11-24,2462407.0,1001397,1187972,459966,67849,142199,311343,84533,275999,66805,468599,194751,9947,40505,46.63
511,2020-12-01,2373278.0,930804,1130850,403735,75629,147682,311210,64934,276723,75638,463276,174082,53404,40102,47.03
512,2020-12-08,2454554.0,981438,1211593,416934,71608,142925,339242,64686,273184,63585,466828,182838,54408,40892,48.84
513,2020-12-15,2505878.0,972341,1250025,429694,76237,148714,348051,62300,294607,63119,439905,191838,57514,42252,50.77
514,2020-12-22,2524863.0,990515,1268990,429454,78732,148254,341158,57942,298100,56185,425536,204149,57048,43160,49.88
515,2020-12-29,2465761.0,961812,1232327,417933,79414,144195,326041,48629,300379,58252,415491,204019,53130,41307,50.44
516,2021-01-05,2494225.0,950702,1252006,444155,77920,129242,347969,59179,305668,61725,424814,204389,50375,41007,53.16
517,2021-01-12,2552201.0,956979,1266720,418450,77912,173675,371466,56634,306973,56819,416325,207836,60003,46126,55.98
518,2021-01-19,2638507.0,1011405,1338051,430119,70379,199692,367934,58573,311509,60397,416844,200917,56534,42542,55.38
519,2021-01-26,2626778.0,1010971,1344876,424006,82599,182127,388294,56116,306995,58300,410931,198831,57254,44303,55.26
520,2021-02-02,2571017.0,950590,1306531,435692,84306,165458,388341,49049,328495,57270,409891,187985,57186,39302,57.62
521,2021-02-09,2665106.0,993822,1361040,433610,87532,167490,395353,53364,348170,55956,396202,209507,61198,41801,60.74
522,2021-02-16,2712278.0,1027811,1423427,430107,86387,174750,404755,59937,348095,56768,372466,206986,63006,40230,63.96
523,2021-02-23,2725177.0,1038851,1470264,438571,72646,175695,410050,64375,328199,63735,366430,210475,59601,37093,65.16
524,2021-03-02,2697380.0,1009946,1437856,426007,69191,170187,408423,64070,345531,59477,348235,224042,53767,38268,63.17
525,2021-03-09,2685818.0,1021952,1448042,413205,66251,172002,402018,61797,327169,64125,343665,223527,61820,43365,67.03
526,2021-03-16,2717729.0,1070477,1479064,389502,64021,188894,407429,72999,310105,61413,328508,228178,61731,45960,67.95
527,2021-03-23,2563566.0,991583,1372384,389048,63328,195434,372609,88886,273866,68584,311554,214659,57783,43455,59.96
528,2021-03-30,2519069.0,992424,1352631,369932,78721,188189,375800,84555,260673,58611,294575,218241,55199,41484,63.28
529,2021-04-06,2438348.0,970441,1319549,357945,70096,193544,355546,86248,236378,64098,283201,208690,51706,40642,61.47
530,2021-04-13,2503076.0,1001843,1378133,357471,69712,209846,369057,78566,239544,67883,282322,200696,56736,44257,62.83
531,2021-04-20,2535295.0,1006582,1413040,381610,70273,190146,384255,81683,254000,66828,284288,197798,54076,44067,65.34
532,2021-04-27,2477696.0,963291,1353971,384998,69216,184360,381858,88136,238621,64527,298496,201936,58105,42960,66.25
533,2021-05-04,2442913.0,924381,1296358,372218,75179,181548,387192,83272,264991,55302,304966,203106,54175,33493,68.91
534,2021-05-11,2483944.0,961360,1310834,368427,72278,190726,375932,91037,258857,55432,315578,213560,59650,31074,68.83
535,2021-05-18,2544000.0,1005981,1305892,345493,82122,220257,368115,97307,275984,60062,314430,212936,55172,35072,69.01
536,2021-05-25,2480686.0,998440,1280241,369271,82043,197599,350503,103346,264923,54011,328293,192386,53553,31855,68.8
537,2021-06-01,2394858.0,922117,1200761,357776,84416,195904,362095,105146,262141,57850,329730,183540,53435,33220,70.03
538,2021-06-08,2447572.0,936002,1234221,350670,84795,197068,376909,98675,262971,57419,325185,209955,56578,34702,71.39
539,2021-06-15,2478927.0,942660,1263590,354641,83482,199223,393775,97460,254453,56142,324968,220730,57303,35021,73.38
540,2021-06-22,2459903.0,939150,1262440,351876,79197,201711,393072,102910,233686,62150,318936,222981,55277,38042,74.92
541,2021-06-29,2406751.0,898078,1214199,334663,74368,206415,394588,109502,246288,63462,311587,211220,52037,33172,75.38
542,2021-07-06,2365204.0,886436,1201868,323705,67462,203764,390574,108443,237703,60792,301060,206684,55546,38220,75.81
543,2021-07-13,2355702.0,879729,1223499,325564,70696,187840,386138,98867,236389,63780,278265,225380,50882,34766,77.5
544,2021-07-20,2343435.0,858820,1214896,338006,64377,200584,349680,96641,254549,71771,264688,214917,55108,32783,70.03
545,2021-07-27,2376448.0,867083,1274456,334155,69135,199752,368575,78371,269920,65719,227202,221783,49461,35829,74.87
546,2021-08-03,2260055.0,776235,1192436,337448,69584,186705,367879,73649,263807,57492,222671,216398,54091,34805,73.24
547,2021-08-10,2276879.0,813898,1226984,345172,66428,183988,341158,73516,264882,65889,225486,204451,57441,31144,71.14
548,2021-08-17,2320730.0,853439,1252713,354181,65192,193087,323297,78196,265743,64280,218567,211288,55415,35944,69.4
549,2021-08-24,2353728.0,909850,1297225,359159,66994,196549,315758,78862,252123,69471,224624,199988,50830,37363,71.21
550,2021-08-31,2321543.0,868685,1279791,337751,65512,201502,330889,65708,246103,68309,210267,217102,51202,35558,73.45
551,2021-09-07,2282094.0,840857,1248952,321522,61923,207410,330834,61050,258062,52259,190321,216169,54981,38207,71.52
552,2021-09-14,2314249.0,849385,1258830,304013,60985,199546,343424,58207,273696,50069,189607,233246,60870,40132,73.05
553,2021-09-21,2337573.0,835783,1249718,298023,61889,200850,354471,47491,307838,50863,199222,232200,57545,38365,73.65
554,2021-09-28,2316642.0,811346,1216170,300973,78291,198786,366428,59202,293479,58169,210022,228504,58957,32188,78.3
555,2021-10-05,2281085.0,770655,1179717,300229,74207,191492,365883,66064,283116,62861,207606,242658,64191,36225,82.72
556,2021-10-12,2291949.0,793242,1170587,297740,73335,187701,348378,74331,288409,66732,214130,247286,62461,36170,83.53
557,2021-10-19,2316026.0,807518,1179446,318038,81729,184476,332903,82778,289376,77791,215225,247289,58635,35707,85.02
558,2021-10-26,2306050.0,839796,1184235,305254,83774,175031,320358,79461,270678,77167,220176,256456,61310,36239,85.11
559,2021-11-02,2203064.0,780344,1115330,301194,72730,157577,313199,80627,260625,80657,226607,256356,53112,33212,84.42
560,2021-11-09,2269226.0,831491,1165884,300869,77729,157245,308002,85869,262360,85604,215796,268760,54895,35583,84.52
561,2021-11-16,2287532.0,835909,1158256,294042,82618,168651,298049,94473,261922,94000,208963,278101,56858,34548,82.85
562,2021-11-23,2292488.0,835761,1170095,294201,85196,172065,290698,97208,256723,103654,191186,282487,56899,37528,83.43
563,2021-11-30,2199659.0,788631,1104096,319842,78081,159952,249603,110744,232465,91062,180991,299615,58489,33715,70.86
564,2021-12-07,2137773.0,779881,1083376,340181,71228,145776,239794,106226,232858,74065,192933,272277,52941,33099,75.54
565,2021-12-14,2174161.0,835164,1139845,340402,68918,152420,242110,109086,219806,83534,203573,249416,51309,31097,73.37
566,2021-12-21,2167638.0,840240,1127805,344545,70097,150811,242282,108615,223910,82082,222287,232111,51657,32002,72.85
567,2022-01-04,2126973.0,778968,1111820,356845,77540,133637,277644,81228,227433,85897,251321,211327,55222,32667,79.39
568,2022-01-11,2195618.0,779312,1160118,354113,78592,123745,315644,74786,249082,90912,253666,225181,57629,30448,84.98
569,2022-01-18,2268205.0,819758,1198692,343746,83062,135004,318461,76003,260492,103658,258100,228653,58433,28199,88.83
570,2022-01-25,2266692.0,801190,1199880,346659,72132,137464,310636,77314,264459,123876,259621,224324,58084,31498,89.49
571,2022-02-01,2131473.0,753109,1125096,346507,78928,127130,297075,84928,241983,116158,251362,191481,58030,30565,90.24
572,2022-02-08,2175469.0,766933,1145080,356385,76116,127424,290071,87195,249983,123918,255013,203093,57662,31565,96.07
573,2022-02-15,2262882.0,835390,1215471,352714,71849,137763,285676,81840,254810,113098,247002,221103,62328,33044,98.43
574,2022-02-22,2255853.0,828464,1231945,368423,73609,138077,291647,78394,251176,104751,235238,213946,59369,33468,98.73
575,2022-03-01,2107838.0,723380,1136147,374817,68218,118613,295536,66379,232393,104098,248557,197603,61398,39928,110.93
576,2022-03-08,1978954.0,715205,1043922,369056,70257,119425,242314,113249,182554,112860,242753,173439,64101,33355,133.18
577,2022-03-15,1904329.0,701077,1027374,347395,67473,117670,239584,98559,163090,113260,234066,169257,52996,26840,105.14
578,2022-03-22,1921714.0,712703,1041557,342433,72835,122121,244493,97912,158735,112830,220761,178027,50372,29766,121.53
579,2022-03-29,1859912.0,670917,980122,319518,73457,133852,241641,100120,148408,114202,216482,176321,55053,31150,112.79
580,2022-04-05,1837087.0,654932,945006,306655,78684,127860,241821,100606,158303,114068,213500,177655,55793,35473,106.6
581,2022-04-12,1877549.0,670689,966816,299948,76197,134086,236915,96598,173452,113852,203459,194024,54583,32917,104.42
582,2022-04-19,1907922.0,682162,995147,297556,78208,137499,252799,85891,180256,113977,209407,190201,53472,31313,105.49
583,2022-04-26,1899793.0,698954,1013331,284473,74369,135777,230232,80011,177244,125872,192021,193632,53609,33408,102.89
584,2022-05-03,1881576.0,676992,981486,286623,76592,131653,228209,75600,194946,116838,200285,186537,59778,34477,104.94
585,2022-05-10,1839152.0,673711,968826,267975,61241,127428,228409,73877,185832,119932,207281,177682,58183,36985,102.61
586,2022-05-17,1870804.0,680504,980178,259186,65079,147304,242583,66461,186007,121096,208437,183267,50857,34071,112.89
587,2022-05-24,1905789.0,700237,993188,253410,68046,149109,251704,61563,199571,123816,227765,171768,56174,34779,115.77
588,2022-05-31,1899245.0,713369,1006668,244738,73273,135508,255851,57949,202520,130492,232503,153589,63178,37235,125.53
589,2022-06-07,1865753.0,671768,975204,237358,73780,131841,266482,52789,207803,126353,231947,154837,69311,37552,126.89
590,2022-06-14,1869824.0,660229,967875,238258,69635,148176,271708,47434,203615,118870,236312,158981,69987,37796,127.02
591,2022-06-21,1859629.0,665753,963355,236248,66867,150998,246258,47929,214322,129693,228166,151547,64810,36445,118.51
592,2022-06-28,1843132.0,668848,955350,242025,68023,139960,237123,48006,209064,130359,225373,155572,60181,41784,122.21
593,2022-07-05,1814328.0,682337,913770,235357,73169,130466,206564,65072,217339,120562,215387,155700,66003,43425,110.49
594,2022-07-12,1805441.0,709784,920498,231716,67607,125380,197480,56495,204894,106487,220827,165076,64624,44664,106.98
595,2022-07-19,1862982.0,737408,963418,239739,52715,141708,207690,56738,205717,103199,226030,170678,56843,45978,114.96
596,2022-07-26,1891139.0,761659,969512,226556,61718,142384,215098,55254,212471,96184,225771,178818,57969,45211,107.32
597,2022-08-02,1801532.0,666961,880130,239292,61330,128456,217624,63301,226453,95546,227874,173566,53634,40422,106.51
598,2022-08-09,1827521.0,710935,911143,247111,58465,132020,200801,66922,214249,94537,229422,173993,53875,41307,103.81
599,2022-08-16,1891539.0,768205,948995,244809,57377,138465,197668,76522,217019,96495,233277,171300,57578,48584,95.36
600,2022-08-23,1878113.0,753947,952745,244565,51370,136857,207298,60021,225507,98374,253510,153083,58482,45020,99.49
601,2022-08-30,1852619.0,700571,915732,239109,53771,126368,225716,62331,241427,98768,253293,161974,58686,37723,99.34
602,2022-09-06,1788108.0,650457,873635,243237,50397,125653,209720,65128,243260,101326,235437,154267,60188,40331,91.43
603,2022-09-13,1794549.0,655657,882394,242131,47207,123638,205552,58150,242173,99533,230952,168334,57531,41701,92.04
604,2022-09-20,1831299.0,681069,909372,237381,46170,129369,204829,52526,250761,98804,229026,172303,56783,41772,89.62
605,2022-09-27,1840951.0,700038,920875,239443,50036,126848,200092,56352,249436,106266,236346,160158,58670,40900,85.97
606,2022-10-04,1854842.0,679107,938683,236862,42622,129422,222518,53122,257550,104370,224861,169588,55425,38994,93.74
607,2022-10-11,1915751.0,702132,980275,229025,43755,143400,230450,48005,257822,110363,221516,182818,59741,38160,95.17
608,2022-10-18,2040316.0,818003,1093333,246998,40529,149325,212743,50896,254492,109731,221662,190744,58280,39335,89.46
609,2022-10-25,2037014.0,799762,1103307,245902,42672,133190,240628,47908,261060,106471,216889,193454,56547,38534,91.76
610,2022-11-01,1907102.0,694808,1022623,256110,49356,98544,255762,45870,259050,109044,212655,181468,52316,37536,95.12
611,2022-11-08,1897484.0,689585,1009894,245609,49049,103090,265498,46792,249139,101860,224064,175234,67469,40222,96.85
612,2022-11-15,1922490.0,721105,1012095,243028,44564,122176,244570,53068,232432,112206,237243,176123,70850,44789,94.3
613,2022-11-22,1901487.0,751191,974285,254688,40918,115258,199790,76545,228729,114710,250811,179175,57946,35766,88.65
614,2022-11-29,1827737.0,734135,924147,260786,42898,109424,181383,92136,205565,107377,242330,174565,54502,36672,83.22
615,2022-12-06,1785337.0,674123,850267,259045,43234,108468,177932,91226,233885,109653,250852,167300,54931,40105,79.92
616,2022-12-13,1892852.0,718407,896798,272731,36830,126526,182258,101296,247048,112928,261888,179427,53527,43039,80.14
617,2022-12-20,1915585.0,746935,936249,267635,37880,124028,186696,93364,247954,119829,263605,169740,52768,42765,79.45
618,2023-01-03,1869003.0,679638,917775,276231,35067,105827,224375,72822,268134,104964,278272,152193,57641,38913,80.36
619,2023-01-10,1963408.0,736718,993783,296349,33289,101363,230671,84320,279140,104145,278007,153668,61354,39838,78.4
620,2023-01-17,2084183.0,811599,1104360,300027,36747,108952,259796,56560,270638,97455,296291,172507,63209,38128,84.38
621,2023-01-24,2150471.0,839107,1160823,301458,43891,113887,280225,42640,274396,103946,310734,168585,68867,35515,85.25
622,2023-01-31,2164026.0,847926,1177642,302699,37801,101513,283214,32024,275412,112319,330965,162340,78603,46329,83.42
623,2023-02-07,2106712.0,786603,1114660,304823,44319,105755,278028,38591,280309,110132,311443,168213,72849,43422,82.92
624,2023-02-14,2166826.0,833422,1165030,291627,53671,110248,316809,31626,274996,107100,322597,168376,64248,40282,84.96
625,2023-02-21,2130065.0,833167,1130437,292385,55639,107563,300907,36488,258756,106159,329191,168917,62211,43074,82.14
626,2023-02-28,2135487.0,820030,1140697,282993,62101,105453,308046,28131,273175,110410,316351,170461,64919,39118,83.21
627,2023-03-07,2119598.0,767759,1090084,269935,62078,114536,319819,27853,297242,108211,312290,183806,58290,31709,83.03
628,2023-03-14,2158051.0,810780,1094861,283643,53616,118431,272442,46758,289822,119935,313204,195658,67340,45701,76.77
629,2023-03-21,2249020.0,869383,1157486,332198,48900,119071,234054,69307,272823,135045,321945,214106,72340,45382,74.78
630,2023-03-28,2257150.0,882563,1168244,327799,48064,124881,236467,72206,270392,132973,311955,217348,64727,44060,78.07
631,2023-04-04,2138438.0,740234,1082646,317693,44460,120517,282681,38350,262957,132936,324418,224231,57189,40859,85.7
632,2023-04-11,2164343.0,769174,1110321,317166,45630,126200,282189,36225,263217,131436,332354,211440,63521,38956,87.32
633,2023-04-18,2225542.0,806308,1143678,300286,46181,143986,291149,38206,265497,134108,332700,217936,66272,37358,85.48
634,2023-04-25,2255321.0,885321,1163377,318167,44438,123487,253385,52043,262409,127546,348593,226246,58760,34728,82.13
635,2023-05-02,2148832.0,809763,1026208,322758,42061,133794,210784,82784,272233,140691,351315,203476,55333,36961,76.71
636,2023-05-09,2174692.0,798088,1033992,357962,40259,123514,213763,114262,274328,143333,338666,208183,55521,41488,77.76
637,2023-05-16,2217023.0,846011,1087054,372748,39738,120553,200739,110123,284981,125885,324440,209245,56861,40889,75.15
638,2023-05-23,2254961.0,875550,1130197,370801,41637,112765,225167,99910,274561,121731,333020,220092,54294,42779,76.66
639,2023-05-30,2247979.0,869692,1124806,356256,38131,115710,234342,79435,286641,109981,341151,217949,57408,44156,73.38
