date,oi,prod_merc_long,prod_merc_short,swap_long,swap_short,swap_spread,m_money_long,m_money_short,m_money_spread,other_rept_long,other_rept_short,other_rept_spread,nonrept_long,nonrept_short,price_wti
2006-06-13,1044276,258629,347756,156931,92458,181783,105155,95457,123283,67912,40058,97270,53313,66211,68.48
2006-06-20,968619,225426,326817,161010,72723,176785,100497,97984,110135,61218,36985,81831,51717,65359,69.3
2006-06-27,991500,232246,321001,153789,89150,173532,107394,80861,116499,63977,53696,88159,55904,68602,72.05
2006-07-11,1061431,251672,342539,144483,100563,182298,127367,76723,127381,65836,58714,99100,63294,74113,74.05
2006-07-18,1086762,269930,369643,147621,104365,178929,134171,80651,135947,57648,54399,93357,69159,69471,73.87
2006-07-25,1051351,247532,335498,143693,110016,179222,118836,82395,134877,66256,42412,100339,60596,66592,73.46
2006-08-01,1109838,272164,369845,142649,108561,196156,125393,79786,142852,63831,43343,106874,59919,62421,74.93
2006-08-08,1164949,303212,398670,137312,110281,207440,133896,78891,145059,63716,48191,111801,62513,64616,76.29
2006-08-15,1209950,334249,431929,136768,113929,219191,119283,80161,145442,77018,32346,117762,60237,69190,72.95
2006-08-22,1122955,299552,387166,135881,112258,205549,109188,85720,139988,74135,28688,102331,56331,61255,72.55
2006-08-29,1149670,317413,402330,133961,98557,225448,107989,84672,133184,71692,34148,99758,60225,71573,69.74
2006-09-05,1170266,330657,409909,137164,93405,232369,107171,93174,128590,71846,38526,105546,56923,68747,68.7
2006-09-12,1213940,348739,426701,142405,86269,239657,109168,96623,132708,67879,43404,104699,68685,83879,63.81
2006-09-19,1177409,329109,408433,160535,83128,227848,101402,91464,131431,60133,47573,97930,69021,89602,61.77
2006-09-26,1148838,304711,390327,175416,87044,213240,106147,90629,124611,60313,62146,104822,59578,76019,60.63
2006-10-03,1173630,329227,409390,179209,85559,202799,98957,99252,132589,60278,59852,107490,63081,76699,58.64
2006-10-10,1193421,343584,415830,177223,87290,199516,101231,96164,132201,58128,62894,117343,64195,82183,58.5
2006-10-17,1186170,339762,425240,184329,81808,202841,101000,93898,127485,51971,61769,111042,67740,82087,58.91
2006-10-24,1133789,335451,424715,184098,77677,175112,94419,88162,109978,65210,76492,104048,65473,77605,57.55
2006-10-31,1158612,322376,404776,179785,79031,190849,107487,99451,114076,55307,74654,110242,78490,85533,58.72
2006-11-07,1160833,326437,407897,175633,80940,196700,111960,86958,116188,59169,88965,104684,70062,78501,58.94
2006-11-14,1220474,366008,449262,187915,103946,188107,105494,85813,127591,59763,62091,122667,62929,80997,58.28
2006-11-21,1152869,326031,423001,181535,95267,183358,102539,85249,117841,62417,67270,113352,65796,67531,58.01
2006-11-28,1172455,332739,415928,180886,100311,186459,103028,83226,117206,66844,74832,123769,61524,70724,60.97
2006-12-05,1218680,342952,422820,183620,102023,192735,106784,66353,131342,60994,82414,133634,66619,87359,62.4
2006-12-12,1222508,353524,439893,185776,106164,190139,112439,73305,127521,54658,81334,124532,73919,79620,61.06
2006-12-19,1161945,339100,423541,185761,102982,188180,105127,68947,120828,52543,69876,109530,60876,78061,62.87
2006-12-26,1179893,344700,430449,185737,103743,193638,105470,80618,124636,54839,59843,105950,64923,81016,61.07
2007-01-03,1226641,364166,435038,184802,104165,205072,105373,98329,132214,62352,67202,104548,68114,80073,58.31
2007-01-09,1280292,364868,451655,206663,95250,216417,105799,104284,138936,58535,82408,113232,75842,78110,55.65
2007-01-16,1317380,368163,459716,197475,103612,233722,110308,92458,145620,65915,85797,120247,75930,76208,51.23
2007-01-23,1269598,328308,435097,200322,84382,255152,110511,86753,133446,60781,93038,106250,74828,75480,53.61
2007-01-30,1306996,344072,450591,205570,78827,268635,106884,77162,137659,59694,103758,107088,77394,83276,57.03
2007-02-06,1298456,344958,444059,210775,72958,267251,95523,74149,139709,57223,99921,120271,62746,80138,58.91
2007-02-13,1322794,369668,485037,212264,75448,264323,113753,69446,129427,58399,109919,114350,60610,74844,58.98
2007-02-20,1227487,332049,449550,201027,75396,258221,105672,71195,113424,62662,89277,95133,59299,75291,58.32
2007-02-27,1269208,356690,478085,193121,81924,259483,115063,71234,112650,62980,80770,100092,69129,84970,61.46
2007-03-06,1275194,353768,476253,184987,82054,274897,111030,63797,119558,61052,71962,110380,59522,76293,60.66
2007-03-13,1322242,374514,497273,184392,82949,283036,110760,60608,126812,61627,74665,109462,71639,87437,58.03
2007-03-20,1312508,380183,503025,180560,89702,290962,105605,76444,123409,65377,50172,100299,66113,78495,56.41
2007-03-27,1330479,379142,495003,179944,91062,298063,111907,68804,123967,67738,70662,102732,66986,80186,62.98
2007-04-03,1358053,414982,532969,156223,94821,294481,124609,58590,133143,71720,71064,96243,66652,76742,64.59
2007-04-10,1326403,391171,511472,152591,104301,261395,122496,52893,132383,79871,74290,108454,78042,81215,61.92
2007-04-17,1309533,376314,512208,160144,100350,250982,119928,63628,136284,86658,62143,105543,73680,78395,63.14
2007-04-24,1316177,380537,507260,165978,100063,256334,114649,68641,141270,84854,67033,98803,73752,76773,64.1
2007-05-01,1341807,397700,525570,165823,97840,267034,114702,62566,146636,80537,66550,98457,70918,77154,64.43
2007-05-08,1384509,422342,553245,173156,92107,282779,105988,72832,146775,82510,59668,100265,70694,76838,62.26
2007-05-15,1448897,436523,565267,206961,92551,279473,102850,91969,153477,89424,55733,100908,79281,109519,63.16
2007-05-22,1350183,383230,530965,200625,97269,271030,104758,63576,144955,71134,58855,106074,68377,77459,64.91
2007-05-29,1388590,406817,534773,191479,96223,279870,103202,84303,145282,77265,60920,114741,69934,72478,63.19
2007-06-05,1423761,415536,552327,184473,97804,297205,104106,61214,146792,76460,64437,118159,81030,85823,65.63
2007-06-12,1432636,413778,556991,194861,99547,286205,107390,57804,145262,77330,62445,135848,71962,88534,65.36
2007-06-19,1422817,401469,552310,182987,98350,300589,125204,45505,143847,75568,87846,113013,80140,81357,69.15
2007-06-26,1436152,397752,539317,169044,99903,309996,122118,53851,155743,75375,76478,119237,86887,81627,67.78
2007-07-03,1499897,419118,570752,158076,100970,325390,148403,52485,185254,80241,78786,107000,76415,79260,71.41
2007-07-10,1546372,418665,584655,155757,102836,342916,167043,53583,196254,83028,83175,105650,77059,77303,72.8
2007-07-17,1549425,405312,574794,157706,94611,343049,177335,54625,207809,71633,82796,106030,80551,85711,74.03
2007-07-24,1485746,376472,562883,169433,96957,330872,185604,55405,186750,69464,88757,94364,72787,69758,73.38
2007-07-31,1521237,393718,575469,162946,103007,338981,193033,50535,184470,73486,86369,98805,75798,83601,78.2
2007-08-07,1504817,400418,574616,157434,103435,336018,154323,48336,185697,79245,76310,106631,85051,73774,72.25
2007-08-14,1516963,276883,416976,171589,102067,341441,139921,67817,306060,80664,86661,121336,79069,74605,72.4
2007-08-21,1422175,264874,386055,185233,88764,329487,134550,78499,284851,72427,105671,85130,65623,63718,69.49
2007-08-28,1432723,262443,364201,189508,94909,330406,134092,83286,288510,68751,112127,90428,68585,68856,71.79
2007-09-04,1489231,274707,382332,193427,102250,328406,151502,73426,310011,70034,115253,92850,68294,84703,75.07
2007-09-11,1544715,284578,393185,189131,98563,331049,165398,87125,319786,65845,117509,112554,76374,84944,78.16
2007-09-18,1488381,266112,390697,200543,105406,310758,177192,73982,302314,61144,125285,90197,80121,89742,81.51
2007-09-25,1409620,236961,345809,195287,116268,284426,181862,81172,293522,61596,134205,83573,72393,70645,81.2
2007-10-02,1426044,241240,359005,198005,124766,280275,176879,65781,309789,62371,132007,78703,78782,75718,80.0
2007-10-09,1440924,252033,375115,196930,123822,273325,180230,71261,301146,67003,122602,90149,80108,83504,80.23
2007-10-16,1489293,277363,402520,193907,127193,285154,176697,85817,287707,74304,96584,109709,84452,94609,87.58
2007-10-23,1408072,238810,350052,190483,121358,278814,172840,83796,281820,71091,117693,101105,73109,73434,86.45
2007-10-30,1448114,245920,362661,181882,125132,299421,164006,83509,270296,82336,97121,120028,84225,89946,90.33
2007-11-06,1513362,255088,381466,189127,129722,321251,168879,79181,278403,83065,84162,151184,66365,87993,96.65
2007-11-13,1445162,268180,364876,215167,124863,291266,158029,75264,274788,67203,139146,95854,74675,79105,91.18
2007-11-20,1397984,246578,348071,227864,139681,271665,171757,88028,260839,64269,113432,89139,65873,87129,99.16
2007-11-27,1404428,253589,366115,222349,149284,272983,165915,88640,258974,65067,97781,97795,67756,72856,94.39
2007-12-04,1382526,240214,354793,224562,142348,272787,145814,82028,260232,69423,99055,95741,73753,75542,88.31
2007-12-11,1380907,226510,341688,224646,138678,280879,148332,80032,256085,65861,96135,104428,74166,82982,90.12
2007-12-18,1330250,213293,332311,226023,130200,275052,147053,81790,255502,66050,102260,77747,69530,75388,89.93
2007-12-24,1325751,207507,340729,222046,135044,271197,158789,79116,256324,60593,91904,77180,72115,74257,94.0
2007-12-31,1361258,211330,359896,207720,144850,270291,166165,78760,266974,72805,72555,89153,76820,78779,95.95
2008-01-08,1413956,224937,377545,206899,156965,270284,168249,79900,282612,76050,67308,98128,86797,81214,96.43
2008-01-15,1458072,249778,400130,210317,155886,274936,159629,78094,280734,73145,65822,114153,95380,88317,91.87
2008-01-22,1343167,208898,325887,223467,140173,276365,143008,86198,266300,57587,82010,92599,74943,73635,89.64
2008-01-29,1365807,223689,339936,231612,137940,271938,149947,100831,259346,61733,89504,98093,69449,68219,91.66
2008-02-05,1368524,210223,331056,238733,136261,282869,142618,96987,263023,63031,87828,94483,73544,76017,88.32
2008-02-12,1393035,197227,328149,235106,132718,284747,158999,91352,262299,58511,94584,89839,106307,109347,92.82
2008-02-19,1355135,191460,320360,218618,138221,294480,172891,91679,258762,59533,85547,76675,82716,89411,99.99
2008-02-26,1405922,209710,352586,214244,151166,285235,193604,90302,267341,64385,82017,83253,88150,94022,100.83
2008-03-04,1450956,214397,363409,207408,163753,295881,191931,82559,279464,69520,76831,106806,85549,82253,99.72
2008-03-11,1484417,228234,383418,224302,168187,288356,181744,79612,279196,78846,65833,128905,74834,90910,108.73
2008-03-18,1407359,217229,351019,218640,151828,290396,174189,83701,264279,74368,81734,96527,71731,87875,109.57
2008-03-25,1362667,203460,311770,218650,153568,278869,158336,83950,268939,68045,97468,98604,67764,69499,101.78
2008-04-01,1381645,208473,305103,216367,150530,280167,157205,95546,277369,68229,92184,108131,65704,72615,100.92
2008-04-08,1412326,212074,309262,217295,162148,273006,167882,83521,282103,70438,97631,118297,71231,86358,108.54
2008-04-15,1441373,226846,324362,223239,170333,272319,175267,83645,278756,72207,100297,123078,69661,88583,113.77
2008-04-22,1337055,194096,277662,205879,172065,264923,188485,73743,259841,60798,95687,98538,64495,94596,119.17
2008-04-29,1365456,197804,278587,198672,172204,268729,195769,86788,255526,62619,101303,110170,76167,92149,115.67
2008-05-06,1422431,215684,284918,197520,161220,272139,198202,85026,265140,68531,109664,121130,84085,123194,121.82
2008-05-13,1477007,242281,318932,202320,169384,286372,190750,86902,272605,76971,104709,124863,80845,113240,125.83
2008-05-20,1356657,203671,274422,200483,153096,261547,177765,88968,247414,69704,104350,113486,82587,113374,128.93
2008-05-27,1338874,220516,279210,187363,152996,259141,167224,89843,228962,61933,100289,130059,83676,98374,128.81
2008-06-03,1355667,228025,292180,185021,143116,268402,161182,84217,243701,57780,103875,143130,68426,77046,124.33
2008-06-10,1418749,250272,314108,194606,141736,289288,157517,83996,251085,60967,112211,143115,71899,83210,131.38
2008-06-17,1335207,220684,271719,182320,122396,283663,146671,88594,224705,57135,109487,133304,86725,101339,133.99
2008-06-24,1306075,205487,256474,186555,127313,269134,150282,86816,235656,60855,103724,126935,71171,100023,136.49
2008-07-01,1294480,200383,256240,167011,134122,274086,158677,82862,227812,62801,112104,122918,80792,84336,141.06
2008-07-08,1316278,224303,270723,173416,134379,274363,155732,94961,220019,61109,107734,140248,67088,73851,136.06
2008-07-15,1344411,172368,276111,221580,134449,276187,152980,83498,229029,57033,104133,140737,94497,100267,138.68
2008-07-22,1217375,144474,237598,236808,128947,259983,136629,81482,218622,61390,120177,104017,55452,66549,127.25
2008-07-29,1220537,136284,228425,234482,129502,258556,136923,73926,218339,64699,128356,109681,61573,73752,122.21
2008-08-05,1249302,146475,232734,231648,130497,266697,128336,76418,220869,68996,126464,128950,57331,66673,118.71
2008-08-12,1241415,140923,223529,232492,130908,266184,118921,74853,230856,73160,126358,123515,55364,65212,113.1
2008-08-19,1203758,136115,231520,221163,128023,266092,125373,82640,212038,78962,110036,101452,62563,71957,114.39
2008-08-26,1187623,115289,218509,221030,129200,264597,125588,77376,207747,79871,107917,115630,57871,66647,116.31
2008-09-02,1226876,124621,220031,223613,130709,261583,115729,76879,218927,77811,102330,125728,78864,90689,109.63
2008-09-09,1231450,130013,225899,222192,123784,263945,106902,90097,204062,91426,101895,139403,73507,82365,103.23
2008-09-16,1241629,128378,244075,217867,122393,272041,107772,96640,210057,94447,86200,151756,59311,58467,91.49
2008-09-23,1113388,109390,218841,195250,112850,248987,112689,89295,179460,92251,73917,118158,57203,71880,107.85
2008-09-30,1092411,107380,220432,200039,109399,246333,107620,80349,180883,85139,72317,117213,47804,65485,100.7
2008-10-07,1087569,117226,220948,220247,103361,245385,88941,78857,174571,76831,83225,118367,46001,62855,90.18
2008-10-14,1090251,119019,217900,216473,100033,251966,83540,81425,151443,80578,84592,135303,51929,67589,78.69
2008-10-21,1035697,115853,219703,215735,101663,242370,92451,98403,135694,82322,75887,108256,43016,53721,71.29
2008-10-28,1073159,118375,207542,209813,97509,254348,97490,108250,149609,87618,85264,113016,42890,57621,62.8
2008-11-04,1125366,131449,213662,210536,94034,247854,98479,119733,179496,92954,82243,122275,42323,66069,70.41
2008-11-11,1154740,146428,227771,218324,89503,251244,98697,141432,170426,93570,103819,122234,53817,48311,59.38
2008-11-18,1122604,141221,239158,193547,98664,238276,91038,105000,186172,93415,68468,114167,64768,72699,54.42
2008-11-25,1120731,140139,266143,201268,78266,250083,90448,102972,168503,88881,73567,122388,59021,58809,50.02
2008-12-02,1147475,140156,268754,209661,78841,248938,90057,100798,177004,90903,77913,125270,65486,69957,47.05
2008-12-09,1168030,135039,270854,200403,77577,249180,108684,98034,180412,83735,83578,132727,77850,75668,42.0
2008-12-16,1166910,151749,289395,156071,79192,259076,105828,76870,189385,100012,64850,121597,83192,86545,43.84
2008-12-22,1135539,143620,296056,155293,73546,251710,120959,67710,181239,94706,75385,126575,61437,63318,31.1
2008-12-30,1169215,153042,313986,167988,71875,250925,122913,80183,179194,101833,80015,128867,64453,64170,38.95
2009-01-06,1215189,154523,316286,175725,80498,258402,129783,83205,181483,105463,75383,128547,81263,91385,48.56
2009-01-13,1246827,163573,335806,186588,66860,271674,128765,93798,176220,100147,81820,135149,84711,85500,37.77
2009-01-20,1250327,172459,339870,199840,70845,261650,139601,90673,168222,85823,88617,135809,86923,94641,38.57
2009-01-27,1245999,169957,344916,204495,70310,260786,139543,89511,164253,86558,84938,135926,84481,95359,41.67
2009-02-03,1254242,171921,359291,227838,67123,238773,150169,105089,165984,84555,100359,136197,78805,81426,40.87
2009-02-10,1237590,152801,340062,238300,68064,232331,144453,123588,165442,95110,99397,138225,70928,70481,37.54
2009-02-17,1230255,163867,359545,228599,68612,237088,149132,117795,158770,94596,80917,129768,68435,77760,34.96
2009-02-24,1179171,130956,332481,235007,64026,222524,142090,120031,155247,92015,85325,129830,71502,69707,38.86
2009-03-03,1191724,144673,335230,257878,63520,211359,128982,126859,157659,85320,87975,129583,76270,79539,41.57
2009-03-10,1210253,172089,365798,254906,68101,214569,123935,103447,162907,73120,99623,134915,73812,60893,45.68
2009-03-17,1197113,174048,384251,255884,62071,230713,131768,84047,153024,64182,98396,115561,71933,69050,48.97
2009-03-24,1160240,163622,372868,253924,67399,222127,131704,79476,149915,61167,95758,113899,63882,58798,53.36
2009-03-31,1148687,165938,362582,252739,67546,228425,120815,87411,148671,64035,90893,96849,71215,66310,49.64
2009-04-07,1162312,176869,375165,249949,70897,223606,124026,79080,150854,62902,95355,108589,65517,58766,49.13
2009-04-14,1192619,178588,381831,257472,68337,235412,121424,85629,150400,59558,90391,113860,75905,66759,49.51
2009-04-21,1140230,146635,351522,274193,66721,215103,116415,107075,155770,63968,87913,92741,75405,63385,46.65
2009-04-28,1139336,154271,357597,277355,66940,218381,114707,92486,151547,59601,81514,89547,73927,81324,49.01
2009-05-05,1197954,169601,371366,272880,66751,224588,121347,88034,158791,54096,98694,103340,93311,86390,53.81
2009-05-12,1246806,176087,375550,254448,72113,242614,119915,63542,169373,51076,104383,107933,125360,111298,58.81
2009-05-19,1093976,131457,337786,243501,85145,203912,121315,51773,165371,53732,88037,91969,82719,69983,59.52
2009-05-26,1095865,123267,339115,247548,87345,198210,129829,53142,166846,55408,91973,91370,83387,67864,62.48
2009-06-02,1191638,133153,356538,261548,94884,202900,135598,65389,171955,63899,94421,107602,114983,97949,68.58
2009-06-09,1203679,132310,350359,248519,96792,208980,137582,57522,173257,66908,99085,115491,120632,102193,70.02
2009-06-16,1198182,142345,344371,251266,95581,220726,135307,75623,165221,66055,99309,114340,102922,83011,70.47
2009-06-23,1110597,111249,313135,243043,92514,218354,137744,66163,152739,63719,95930,102774,80975,68988,68.81
2009-06-30,1159868,118147,311796,233735,93517,224620,145848,68924,156942,64401,100548,114189,101986,89332,69.82
2009-07-07,1162597,138169,323364,247015,89700,235628,126614,77294,152674,67253,101216,112125,83119,70596,62.88
2009-07-14,1203729,148787,344932,251849,84174,241119,122997,76554,145893,71216,101502,118518,103350,91037,59.62
2009-07-21,1149799,141836,325706,253145,80784,238908,123639,87230,142728,68190,102381,109910,71443,62152,64.81
2009-07-28,1173580,147579,326759,249044,84072,243845,132746,86022,140591,66908,109056,114772,78095,68463,67.24
2009-08-04,1202598,149959,328263,237293,105732,234321,151695,66332,141253,67861,119079,132331,87885,75287,71.4
2009-08-11,1172385,139488,305882,235073,108457,219969,146395,65424,153466,67879,121773,126000,84115,71414,69.46
2009-08-18,1173172,128959,303657,251250,98498,234360,138976,73187,158530,69391,112482,116364,75342,76094,69.22
2009-08-25,1159096,114385,298593,248809,110910,225268,155309,69512,150049,69895,116160,117672,77709,70932,71.6
2009-09-01,1164511,125206,300793,250528,112556,231857,132114,70110,157319,83615,117025,110404,73468,64447,68.11
2009-09-08,1178263,148624,322356,251139,115127,229947,131350,60492,152599,80586,118332,107792,76226,71618,71.08
2009-09-15,1197629,132038,316447,257962,120260,239344,138611,48701,149637,80741,125094,124009,75287,74137,70.81
2009-09-22,1124865,106712,304682,241406,113242,231156,145210,47179,140148,85883,121698,99927,74423,66833,71.5
2009-09-29,1178475,112120,307709,256998,111478,232591,138860,78858,152105,92320,110180,117310,76171,68244,66.56
2009-10-06,1248517,145095,325785,249473,113070,237095,151383,62668,158771,84186,122895,120094,102420,108139,70.71
2009-10-13,1263193,136594,322616,237532,114302,227400,169624,58307,159200,82703,125184,142380,107760,113804,74.1
2009-10-20,1216356,119774,311747,229210,116396,219496,189132,58420,151533,85990,142319,118844,102377,97601,78.87
2009-10-27,1220540,131138,329680,216736,116937,225517,204608,47045,152553,80867,128811,123717,85404,96280,79.45
2009-11-03,1191055,133580,348690,213173,114182,232044,195802,40141,151720,81223,133067,111201,72312,60010,79.58
2009-11-09,1234952,141299,359698,218268,110940,248569,187895,53671,144289,81984,128163,108351,104297,81271,79.44
2009-11-17,1250074,134082,369549,236250,113395,239179,180310,32332,143819,69860,131490,105553,141021,114757,79.08
2009-11-24,1182804,152767,383279,229950,104774,219790,158115,43142,148016,79552,119032,106101,88513,58670,74.88
2009-12-01,1209796,148881,379062,238403,104345,218322,165428,40960,151502,73108,121183,118649,95503,75773,78.39
2009-12-08,1217908,151878,381166,248079,105996,213783,154348,52605,157366,83190,117116,113599,95665,76277,72.59
2009-12-15,1217100,138374,381612,271083,99817,218428,158633,65420,144767,80968,120989,117151,87696,68916,70.62
2009-12-22,1159436,131455,389350,263686,89917,217695,158885,49829,138256,76883,110677,102014,70562,61698,73.48
2009-12-29,1185208,136934,392490,249809,100548,225648,172733,39194,144177,74766,114227,106313,74828,62611,78.87
2010-01-05,1231436,139446,391272,246155,120814,226385,194643,39868,158903,70391,116331,110257,85256,67606,81.74
2010-01-12,1300867,149618,401167,229818,128905,234217,217292,41673,162548,74134,114084,151396,81844,66877,80.79
2010-01-19,1324903,159912,415386,230685,128205,253183,214738,37734,174966,65672,108295,147309,78438,59825,78.98
2010-01-26,1320661,164966,408450,241765,120578,255259,179142,45987,183126,67431,100966,143952,85020,62343,74.67
2010-02-02,1360697,167732,405602,264833,122257,244316,169012,47938,179801,73073,108120,167275,94655,85388,77.21
2010-02-09,1307602,169586,394248,288269,111642,228855,153244,64423,171097,71824,118585,149255,75472,69497,73.71
2010-02-16,1301624,172680,398714,279712,120643,232952,165827,45386,167766,70176,122181,145212,67299,68770,76.98
2010-02-23,1280235,156653,384412,262892,128001,229297,180790,48286,150938,66933,114085,149083,83649,76133,78.61
2010-03-02,1297435,172391,398460,256984,133675,233280,189727,45669,165644,65932,118573,133461,80016,68673,79.62
2010-03-09,1348241,192798,426047,254925,145706,229646,202787,43387,165050,66791,116877,141964,94280,79564,81.5
2010-03-16,1357426,203833,436108,242830,146691,237698,213617,43198,170939,69389,115665,136993,82127,70134,81.75
2010-03-23,1298539,170802,404468,254240,146890,218243,202575,45000,171629,69106,114762,132828,79116,64719,81.68
2010-03-30,1283846,172462,409681,256073,152086,194867,212058,42580,162025,67887,120211,137775,80699,64621,82.14
2010-04-06,1343407,186793,417592,244449,159665,188569,235370,48638,175010,71312,129906,149252,92652,74775,86.54
2010-04-13,1392323,240966,467389,243548,163152,189560,223408,47904,166713,71888,134028,157151,99089,66426,83.8
2010-04-20,1356869,234264,478131,249454,153713,191050,212485,45466,162317,70672,116216,147124,89503,62852,82.98
2010-04-27,1395964,252001,476524,248770,162416,195324,198047,51117,174033,76187,113853,155156,96446,67541,82.43
2010-05-04,1445326,257253,472068,251016,167047,205038,206198,51216,186864,75297,120409,153647,110013,89037,82.73
2010-05-11,1470234,243799,473373,268330,157435,219020,203191,69749,175068,82316,122863,169466,109044,83260,76.37
2010-05-18,1387907,195135,407261,281279,155782,219657,191272,102858,159897,88332,109385,156340,95995,76727,69.38
2010-05-25,1345993,185007,403298,311882,146681,201043,183241,107385,151813,77469,112882,153563,81975,69328,64.78
2010-06-01,1367020,181922,392084,319892,139364,197074,179759,113931,163129,79396,120349,162656,83192,78433,72.7
2010-06-08,1322308,159868,370206,312926,125645,186840,178229,110586,163897,77146,127332,170019,73383,67783,71.88
2010-06-15,1336533,168534,379169,304516,121819,203730,177653,86387,165071,71230,129566,170451,75348,80340,76.84
2010-06-22,1260132,156339,359564,289288,127302,197855,172121,93088,146788,66263,105661,161349,70129,68525,77.15
2010-06-29,1259675,143825,352364,291477,124082,197616,168457,94241,154014,70299,107395,155971,78016,73992,75.93
2010-07-06,1271853,137512,334477,292171,130275,196018,158544,103428,165814,80165,109066,157478,84151,75297,71.96
2010-07-13,1276328,147632,355630,309830,129874,197526,170128,84166,156136,69403,120720,154528,71145,77748,77.16
2010-07-20,1214183,126959,326553,309387,138540,191322,169153,71681,157795,62594,123921,132664,64309,71707,77.32
2010-07-27,1240029,124261,334242,307907,140813,190967,169376,61660,166774,66363,129766,139891,74490,75916,77.46
2010-08-03,1234649,123394,331852,308789,151711,175065,192383,58719,165334,62536,140522,130392,76756,81054,82.52
2010-08-10,1274605,147256,357048,298861,153704,173070,186497,57595,181190,68045,136611,140906,78780,74481,80.24
2010-08-17,1267340,147176,369031,302235,154226,174247,181310,72436,167768,76253,123071,135473,82878,71088,75.76
2010-08-24,1246784,117778,336494,315962,146374,169507,176794,103319,164554,83211,129363,132721,86257,64452,71.24
2010-08-31,1308042,135656,334814,317555,144575,183133,188932,117437,163094,85308,143683,148416,85948,72890,71.93
2010-09-07,1347231,188261,374863,316278,155115,186405,187178,109633,159402,83385,150441,145268,81054,66104,73.98
2010-09-14,1336392,187139,373753,295153,161376,194482,205423,91663,150363,81539,146962,144342,77951,73451,76.78
2010-09-21,1324114,163271,341471,284765,166237,179329,196753,99820,175489,90275,143308,153463,80769,64997,72.96
2010-09-28,1332755,181240,353449,269126,169273,184679,203694,96578,169743,89776,135396,152341,82156,71296,76.15
2010-10-05,1407933,197963,360233,243886,204547,197685,233918,68805,178925,85445,134532,187732,82379,75474,82.83
2010-10-12,1442044,230959,381626,232387,224957,193481,237596,62761,178018,87397,132906,196606,85600,71689,81.67
2010-10-19,1422821,227683,371571,248397,222784,196536,223112,72431,177404,87191,137042,176592,85906,68461,79.57
2010-10-26,1394673,197112,357527,247130,221673,199407,233907,67849,177138,89247,130034,167333,83399,73712,82.6
2010-11-02,1433324,200413,364978,253711,233709,195221,249649,71897,183763,87019,134663,178097,85451,70996,83.91
2010-11-09,1486195,221594,386625,243129,244679,198996,258393,69391,184336,89095,133990,197572,93080,70606,87.04
2010-11-16,1399774,208793,370056,219433,257113,193263,242305,71913,154310,88182,86583,193881,99607,72655,82.33
2010-11-23,1331203,194271,336219,229665,253339,175002,220089,93184,152127,97574,83033,176148,86327,62151,80.79
2010-11-30,1342325,205690,342320,218879,254844,181401,223158,71093,155670,88238,93409,180499,88790,63089,84.12
2010-12-07,1367119,215426,364760,215858,267008,179318,256833,65662,151504,83876,98490,171792,92512,68585,88.69
2010-12-14,1380779,217821,381387,219864,247981,203797,249262,56214,156230,79851,110114,163290,90664,61766,88.33
2010-12-21,1369544,232255,397999,223961,249498,207109,251181,56877,139410,70260,104150,161845,83523,52656,89.3
2010-12-28,1401989,242533,410231,218521,249434,215573,258539,56318,144576,74645,114316,160475,87127,51066,91.48
2011-01-04,1471226,255853,403143,219484,260417,214117,243095,67233,173759,88033,114429,185930,90955,52198,89.39
2011-01-11,1501588,261807,421811,227153,270790,220258,253290,57635,171581,83949,110519,193349,90201,55645,91.11
2011-01-18,1491996,268028,423553,217685,271663,229100,248173,56970,158832,78657,103309,195136,96385,53433,91.38
2011-01-25,1499599,281457,432751,225710,261170,225305,217026,61539,159824,87978,100148,202403,99896,56459,85.08
2011-02-01,1531942,274856,441593,232482,262525,229908,239160,62712,168359,85765,109504,201236,100176,56105,89.54
2011-02-08,1536606,282313,460269,233977,277031,215706,230615,52183,178313,92475,105399,193471,109736,54234,85.85
2011-02-15,1559669,263053,459320,237017,257306,230612,218807,55137,173150,102360,100516,223321,111349,60307,83.13
2011-02-22,1506594,239343,456875,227112,268477,219951,249629,43606,161267,100951,87952,209180,99161,59286,92.65
2011-03-01,1569519,218521,465410,214304,287084,238357,293884,25262,173698,105158,101893,216119,109478,61696,99.63
2011-03-08,1572544,214667,458960,208857,281628,251708,301202,26967,175558,108615,107268,207898,104039,62557,105.06
2011-03-15,1580632,211915,448341,209300,283077,253104,283647,32267,192122,111243,108055,206038,113263,57628,97.23
2011-03-22,1503614,193560,429057,219866,288349,242571,281134,28916,167819,101606,100096,190251,106807,56555,104.53
2011-03-29,1516081,197442,422937,220575,292573,237370,293308,31549,174204,99559,106424,191482,102141,59542,104.34
2011-04-05,1566762,207258,420749,219135,294665,241169,296342,28803,191329,98112,113500,206030,107387,70517,107.82
2011-04-12,1584517,205768,416457,218316,295097,242371,279198,27951,207259,106443,114429,206997,118165,73956,105.75
2011-04-19,1539895,205575,422638,213452,291553,247053,296915,37904,184093,108911,113891,183644,100252,59119,107.18
2011-04-26,1553704,212961,421534,210269,293146,253643,296609,33373,189465,108329,113497,184262,98166,64784,111.72
2011-05-03,1624328,237239,438900,210820,292863,265552,295640,36972,207330,103701,118043,203375,100671,61293,110.6
2011-05-10,1653799,242001,441695,233911,277388,270531,280900,47331,224474,99715,121770,209758,92509,60852,103.39
2011-05-17,1582868,213390,423483,246333,267767,264026,249943,37935,214586,94690,103619,199249,100651,72203,96.4
2011-05-24,1522076,190807,403865,252236,264818,258764,251438,38498,208491,91114,104862,184497,84729,58281,99.13
2011-05-31,1508418,190142,386364,239502,262899,250883,246234,40407,213862,91092,105782,186468,90235,61753,102.7
2011-06-07,1515910,199725,390487,244304,261121,245196,236116,57899,208285,99079,101172,185407,97798,66343,99.18
2011-06-14,1584927,215705,397800,244785,260665,252803,240024,56911,229812,97024,113766,212714,92060,60456,99.37
2011-06-21,1528927,203602,391953,253614,243241,256507,228586,66396,213377,95579,108702,191939,85723,56812,93.7
2011-06-28,1524313,205225,382048,262671,242267,255758,223022,73018,211130,94929,110379,188991,82587,60722,92.9
2011-07-05,1522391,220185,388889,253436,241531,256838,224114,64473,209482,93711,114962,182767,81858,63449,96.92
2011-07-12,1538256,218748,393331,249215,246445,259950,228578,66290,210660,95859,107252,190729,84517,63599,97.41
2011-07-19,1493882,202523,387692,248381,248315,262173,237123,65733,199635,88726,105169,172683,82638,52482,97.49
2011-07-26,1506662,207804,389826,247217,256748,255319,244362,64349,202987,88717,109963,175425,84831,52045,99.61
2011-08-02,1528978,209270,389679,246018,246840,254484,234663,77524,223987,95174,104937,174895,90487,56632,93.78
2011-08-09,1564480,217854,403290,256007,236044,243605,227268,80156,237161,97991,109385,189361,95233,65478,79.32
2011-08-16,1553021,227731,399088,251361,221689,262739,226918,78323,227064,96253,113614,186260,74695,64244,86.65
2011-08-23,1465256,213982,393116,243994,215316,251834,218941,80170,204993,97285,99716,159069,75158,61042,85.35
2011-08-30,1494803,229271,406199,233701,218547,257476,221311,65583,202791,97213,100253,176184,76856,67770,88.9
2011-09-06,1523907,234295,415944,231704,224856,260688,224199,70072,203278,113771,102756,184213,71759,62100,85.99
2011-09-13,1462207,234528,400293,219940,223191,260289,228362,59564,169175,106859,110262,169858,73196,69575,90.21
2011-09-20,1365197,198909,359077,222968,229200,241326,217699,64824,157822,109351,102261,152315,64807,58372,86.92
2011-09-27,1380562,191916,338417,223854,216404,247471,215424,73890,163934,104779,108627,168297,64887,63522,84.18
2011-10-04,1431783,221038,348599,223686,210510,248511,211402,85309,178816,104191,122120,176087,68052,61831,75.4
2011-10-11,1424634,221078,350314,222021,213350,231132,210780,63332,166929,101513,127900,204365,66816,67312,85.54
2011-10-18,1431563,212549,349150,230748,226416,241699,219391,60870,177791,103833,117983,187578,57974,70076,88.34
2011-10-25,1388897,183208,314265,209820,236154,252439,237254,53107,189467,97958,122387,155764,62987,65314,92.98
2011-11-01,1345024,176167,300254,203259,245451,250972,229279,49434,174009,94359,112592,147454,69525,64858,92.19
2011-11-08,1366205,183398,308693,205963,253176,238423,235730,47549,178351,93658,114797,144920,85762,80296,96.8
2011-11-15,1357125,158001,299732,226642,262930,231860,230682,38886,181960,90436,108825,157397,80147,75535,99.37
2011-11-22,1295618,144215,265768,214000,269910,215599,210899,44866,182352,103053,111740,146717,78783,58666,97.76
2011-11-29,1302512,156238,276302,209706,267472,210782,212820,39425,187525,95185,112101,148539,81717,60366,99.79
2011-12-06,1332544,150361,268513,206456,272145,216244,210754,36431,207324,97436,115955,157719,86250,58213,101.25
2011-12-13,1346495,150934,268168,206265,265119,218282,219394,45013,200689,92910,117988,166173,91848,65063,100.24
2011-12-20,1298500,154546,262309,214757,263122,213232,197370,46066,201663,91925,105187,149090,75917,57831,97.16
2011-12-27,1325562,156058,260690,209091,267828,217022,210113,44608,208606,86888,107805,159248,78536,59755,101.29
2012-01-03,1373018,165377,264608,200791,273712,215233,216478,46447,233740,84602,110165,170147,86650,58966,102.96
2012-01-10,1388799,185446,284092,187587,284336,205841,213674,39589,224917,98498,113235,178098,94738,58691,102.24
2012-01-17,1381041,191275,277114,177496,294773,208839,204567,40397,221270,118429,111373,166757,92408,60518,100.7
2012-01-24,1341810,170878,256435,172054,291764,206704,211106,35729,219377,111249,108781,163558,86884,59462,98.84
2012-01-31,1399874,191271,276931,175188,290988,205350,212097,39176,243461,109079,111301,177551,85877,55116,98.46
2012-02-07,1484546,245608,324513,165410,287662,209611,211129,37660,264493,104042,108626,192436,91817,59545,98.55
2012-02-14,1486350,233107,315298,142467,292089,224095,236010,33788,255845,113271,110741,194535,87020,59959,100.82
2012-02-21,1441526,199034,280423,126041,306330,217692,247891,32089,238369,119489,107111,201418,91592,58094,105.88
2012-02-28,1517833,226530,311236,122631,329475,231101,261729,33337,246586,132927,106760,199106,97223,60232,106.59
2012-03-06,1584849,256041,330889,125030,323802,234572,255274,45739,263664,141475,114058,211605,97188,60520,104.71
2012-03-13,1579060,245177,320573,131223,334444,229623,263258,51326,258598,145694,114452,206959,98528,63085,106.7
2012-03-20,1558284,248976,321945,131239,327819,226694,251223,47532,260093,143695,112794,199701,96663,61706,105.68
2012-03-27,1562147,255800,330245,137253,326757,220325,243905,46509,265076,143782,111726,199647,96359,61862,107.32
2012-04-03,1569070,260888,331862,141239,315647,233380,227856,48355,279977,147998,111942,179946,97786,67961,104.02
2012-04-10,1563132,269402,329147,143009,308382,224056,214984,56018,282419,151628,113012,182380,95254,67718,101.12
2012-04-17,1570513,261752,325778,149130,316725,230675,206073,44749,282108,159270,107039,196372,85133,67067,104.23
2012-04-24,1539257,247780,313333,152947,319876,216146,204591,40069,283337,152225,104361,198906,83325,63229,103.1
2012-05-01,1602007,249344,323478,156819,334148,219626,225381,39280,292390,149156,108614,216954,92337,67517,106.17
2012-05-08,1590926,250465,305212,166275,315549,234720,195203,66060,279740,161423,106606,217607,85493,65432,97.13
2012-05-15,1539151,230006,283552,169206,314842,239132,188810,65194,256362,167501,106654,201477,86657,71938,93.97
2012-05-22,1442523,210255,258330,166990,308352,230649,183591,61880,227108,160110,97750,191117,72703,67337,91.44
2012-05-29,1440107,204319,252963,168549,303322,233655,187561,61323,215799,155679,103032,203341,71204,66672,90.75
2012-06-05,1456604,202553,243418,175518,288315,243224,186853,66943,210371,139493,112566,217845,80747,73922,84.31
2012-06-12,1458395,195487,242122,180337,270992,253835,178293,68715,221222,130333,109053,218105,80783,74351,83.35
2012-06-19,1432126,207150,252771,180314,262527,256464,172770,71222,203553,128006,105646,209124,74745,70819,83.99
2012-06-26,1432162,201455,248976,189426,263779,259230,172034,72269,199416,123537,110469,211092,75972,66931,79.34
2012-07-03,1432999,207438,256315,182003,267087,253950,182356,68458,191215,137565,119880,210937,67535,65157,87.74
2012-07-10,1413415,214210,265913,177670,268467,247903,180109,72389,180199,135298,104446,209705,68321,64393,83.92
2012-07-17,1403473,217792,275195,174982,283755,232080,182324,67095,187566,141297,83747,203309,64123,70726,89.07
2012-07-24,1389039,218406,277858,162619,293032,227472,186661,62528,182987,153144,86584,196472,61278,62106,88.28
2012-07-31,1395758,228618,276717,164061,294336,222262,185696,65838,181065,142352,87813,205392,66312,62335,88.08
2012-08-07,1449617,242812,289304,151808,309528,216243,202071,51301,190103,146644,92915,234577,65359,65646,93.68
2012-08-14,1469908,249396,287139,153223,313096,230358,191827,52760,190962,148724,94409,235014,70404,66170,93.4
2012-08-21,1470157,239126,294255,153803,330382,230910,207308,45428,193689,155164,86629,220987,69170,67877,96.55
2012-08-28,1511314,264220,314360,147924,350963,234682,214786,39677,193543,164844,90691,221819,69496,65579,96.3
2012-09-04,1531823,266176,307291,143072,351209,243429,216183,39146,199539,157964,96409,227257,78203,67543,95.34
2012-09-11,1585806,281042,313850,133285,360165,251801,218695,33468,215046,162154,98716,250462,73321,62298,97.03
2012-09-18,1607540,285650,316458,125681,373486,261184,230043,37569,217844,166144,91467,244054,76940,65478,95.25
2012-09-25,1555863,267259,296362,146423,362051,250161,205884,51782,212874,168778,91583,227580,76904,63470,91.07
2012-10-02,1556877,274280,292573,148713,354205,242580,201089,59762,230350,165306,90753,217968,76591,68686,91.88
2012-10-09,1542886,260549,279162,145727,344136,230931,199014,64014,227100,168323,89725,233137,78105,74681,92.42
2012-10-16,1580619,293782,313546,148128,337747,232160,204545,63733,225918,160639,94979,242680,72767,69856,92.07
2012-10-23,1578997,304886,323400,158135,334864,223941,196929,83990,218718,165569,92127,233504,77315,68453,86.65
2012-10-30,1597501,310478,327798,169837,327366,225526,190172,92209,214585,169481,97869,241022,76400,71126,85.65
2012-11-06,1614897,301938,312402,167114,320543,221210,188831,89991,240105,164622,97618,257582,73495,75446,88.62
2012-11-13,1539663,267657,289749,161153,321675,212122,170660,91453,238172,170686,72126,238567,80646,75799,85.38
2012-11-20,1498820,263099,284620,169839,332296,193625,176931,86381,239243,163819,76490,215268,76996,70897,86.46
2012-11-27,1522133,269191,293812,170827,331965,196443,180902,82686,241163,157943,76125,228012,77652,71927,86.81
2012-12-04,1549067,274626,305574,170131,335876,187849,187019,74822,252826,159046,77410,240752,76818,73958,88.04
2012-12-11,1543454,282582,304227,173416,328020,175087,181172,97660,250727,161062,78235,232109,87299,77389,85.36
2012-12-18,1493851,257350,272942,170041,338401,176634,184629,81606,250607,157000,77112,223548,74042,73001,87.46
2012-12-24,1476652,249144,268103,170076,343422,173966,185839,68358,252017,159041,81815,216062,70507,72909,88.29
2012-12-31,1473345,238703,255970,165422,347848,180684,188972,52499,256689,147980,86375,224094,70801,69186,91.83
2013-01-08,1477695,243476,258128,154641,358375,176504,202209,41045,241949,145651,92037,235608,77657,74049,93.21
2013-01-15,1495149,247259,256475,141683,372083,175788,209693,37007,254296,144437,90372,238941,83052,70187,93.26
2013-01-22,1491867,236622,240834,131122,379319,168406,228075,30667,257452,138409,89714,250697,81084,74778,96.09
2013-01-29,1553636,247065,252167,125014,395643,168655,232827,25773,280007,146077,85142,274252,79739,71997,97.62
2013-02-05,1594844,264415,263546,123287,405144,183538,227589,25756,284160,152474,87503,276164,83217,69033,96.68
2013-02-12,1653440,274594,266076,121229,415410,175793,235696,26131,329099,156206,92896,271789,89034,76246,97.48
2013-02-19,1650211,284518,261892,124103,416677,168465,215261,33725,338991,165094,88712,268480,85299,73269,96.69
2013-02-26,1654089,280212,254540,130567,404519,174514,198020,47595,337843,176789,91116,277285,78859,66677,92.63
2013-03-05,1710526,298063,274623,132423,386177,179741,200350,57320,338179,180057,87347,298070,83643,89069,90.88
2013-03-12,1720024,286739,260036,131086,383076,183143,204471,59442,353216,171996,88830,307587,81786,84694,92.44
2013-03-19,1647391,268589,242548,124513,372407,186768,200592,50279,334001,157494,84086,298224,77210,79078,92.44
2013-03-26,1693684,293194,281047,123761,379807,188504,213640,37766,343920,151206,82473,298546,80913,81621,95.99
2013-04-02,1731930,295089,286844,125695,390414,183521,215348,34552,357061,154468,86414,313427,87321,79697,97.23
2013-04-09,1768185,314763,299731,126783,373087,199693,208268,36637,376178,140935,89168,314310,87255,79381,94.18
2013-04-16,1764368,316106,297270,131194,356682,210142,209132,48470,361004,138912,88871,319138,78740,82791,88.73
2013-04-23,1718878,306370,281746,132454,356265,197457,227376,63680,345100,139484,91605,297702,72935,85323,89.21
2013-04-30,1771193,336026,304051,123179,355578,213723,225224,53109,346185,141381,103555,307311,78164,87681,93.22
2013-05-07,1770442,352923,313230,112196,368440,206243,224475,37085,365293,137202,103966,291720,80390,84465,95.28
2013-05-14,1758686,349207,312881,107898,378659,205643,227380,32300,370797,132961,95451,279615,85185,83340,93.96
2013-05-21,1742051,344984,316022,104955,401727,193108,247573,33824,352290,138532,83337,273811,86798,87932,95.55
2013-05-28,1744717,347618,319623,108801,395363,203835,238439,35643,343229,141442,87099,275311,86042,84614,94.65
2013-06-04,1740663,335330,304808,112568,390508,204853,238624,38889,334288,141112,85013,290965,82923,91339,93.36
2013-06-11,1815904,346367,324118,113795,403910,203073,248569,32612,359480,141198,87324,311198,92224,94189,95.5
2013-06-18,1868964,352588,327228,110747,430536,208808,268324,26870,379339,143373,86092,310114,95671,99977,98.46
2013-06-25,1809371,360818,333092,116253,418565,209548,246278,25189,354702,141479,88094,290364,89929,89817,95.25
2013-07-02,1769805,365560,335883,114673,436140,199702,272728,28849,330917,132321,86605,261548,92356,90161,99.65
2013-07-09,1818204,368721,328641,107809,464073,208980,287615,30791,334946,137311,88743,275233,97589,86797,103.46
2013-07-16,1880612,371534,322779,103571,492487,227704,303124,27302,355051,140118,86491,279637,99873,89161,105.88
2013-07-23,1865700,375919,333517,98616,513433,225699,335934,30090,317115,140127,84905,276572,95718,84369,107.13
2013-07-30,1837823,356355,307037,95991,517230,218425,332291,31298,319841,146133,84185,276820,91967,82987,103.14
2013-08-06,1879218,374057,323242,107156,520795,219104,326132,39841,320758,152117,80882,283895,95999,90701,105.32
2013-08-13,1934417,404866,356835,114638,516480,200454,317888,42829,363037,156669,81253,283748,93117,89781,106.78
2013-08-20,1835367,352499,301834,123554,530491,177830,319573,50251,356378,150574,74519,257140,97819,86924,104.9
2013-08-27,1855284,352418,307670,124005,534744,184320,324636,50749,359023,146857,75614,261294,102731,81870,109.11
2013-09-03,1856725,343344,300996,124381,529111,190310,313572,51554,375351,151349,74019,256925,101493,78459,108.67
2013-09-10,1901643,360768,316377,125761,525028,198048,303451,55667,395100,156771,69730,260887,100857,80806,107.48
2013-09-17,1926402,363805,321910,130620,516492,215789,297439,52030,392255,150920,69498,274579,100995,83849,105.36
2013-09-24,1881081,373515,337661,125116,501113,219626,285293,41582,374108,146293,69246,262163,94967,75582,103.22
2013-10-01,1856649,361200,331915,127520,490478,219082,267757,42623,373846,156324,66020,259404,91516,73281,102.09
2013-10-08,1871940,361556,334845,128946,486774,204576,264481,42058,408106,163470,70299,249979,90826,75303,103.54
2013-10-15,1824929,352482,323798,132921,478990,195539,261855,43338,391693,155059,70644,249523,85857,71404,101.15
2013-10-22,1785295,337257,313116,138941,479809,190413,273597,44340,380319,152127,82188,231744,80897,63366,97.63
2013-10-29,1774386,367672,350462,140467,464159,199431,269361,46362,329608,153503,74286,240857,73487,69221,98.29
2013-11-05,1736874,325560,308389,140866,469281,193480,274452,56911,325293,162281,80308,235153,79789,68059,93.4
2013-11-12,1735933,313333,292699,142941,473493,193035,275451,65198,324662,178559,83246,226820,81132,76780,93.12
2013-11-19,1620641,299329,280185,153254,488087,156267,269600,45424,282261,161442,72458,220088,78400,75871,93.35
2013-11-26,1636454,281064,267451,156031,479942,162439,268474,50780,298360,170617,80772,218906,80563,77804,93.41
2013-12-03,1645686,275913,270261,150375,480771,162476,283646,49575,292434,173899,87122,226312,80631,76735,95.83
2013-12-10,1661416,278899,273877,147417,502162,144935,280202,39374,300205,180208,72033,249814,79736,79016,98.32
2013-12-17,1629694,281234,283064,142584,490729,148593,284764,41859,294549,172204,68409,227170,78596,75321,96.99
2013-12-24,1598935,273742,279358,142959,501891,144282,290616,35028,284055,167590,70413,212991,82700,70917,98.87
2013-12-31,1615844,267058,277678,141587,500835,148572,296918,34559,289084,165110,72180,222236,85279,70700,98.17
2014-01-07,1619796,270268,279423,152546,488714,148514,293342,52674,278388,161487,71144,227657,87594,73282,93.31
2014-01-14,1623027,251561,268048,154044,474865,154487,287413,66038,273760,175773,69797,238399,87590,77633,92.15
2014-01-21,1613293,253757,274124,154222,473308,150931,291125,69195,269602,182381,64262,232154,79121,79717,94.51
2014-01-28,1591971,242440,270575,154156,479983,145161,302094,51791,250143,169376,68533,244288,84313,81497,97.49
2014-02-04,1561179,238612,269012,148468,482115,135697,310000,40288,246693,161978,71473,236476,83255,79425,97.24
2014-02-11,1646415,264400,300802,138217,491579,131189,322701,30643,268756,164041,73765,264846,92265,84835,99.96
2014-02-18,1650294,258572,297385,127293,512432,133026,346569,22797,254963,165475,72806,266410,97986,90475,102.54
2014-02-25,1643886,253343,298444,124884,513004,130452,354507,25378,247615,159995,72686,270337,102753,85970,102.2
2014-03-04,1687807,261282,312018,120870,515929,141660,363546,24268,258477,158181,71641,283300,100491,80514,103.64
2014-03-11,1697240,276263,324564,121290,503760,146477,355002,28413,269413,156074,75831,267999,104722,80783,100.29
2014-03-18,1623266,271961,311451,129762,492271,147414,330474,40253,242964,162146,68082,243184,95361,77647,100.08
2014-03-25,1604566,261707,310892,130611,491116,142673,328802,46166,246101,169278,60740,236180,89214,70698,99.66
2014-04-01,1644507,285675,340802,134882,490048,141212,338867,45102,248107,163522,65504,239504,92738,74228,99.69
2014-04-08,1655472,289713,355393,133370,490230,136000,350767,30872,246689,161268,81376,237804,99861,77108,102.57
2014-04-15,1674276,296835,365811,130363,490524,142410,363758,32383,246749,159732,81556,233128,101301,81715,103.7
2014-04-22,1619737,267481,344830,130304,485054,138957,355102,32314,235437,161921,74584,232787,97748,75774,101.69
2014-04-29,1651521,268335,346911,128458,475447,152906,354435,34130,252986,167583,85561,232162,94656,71418,101.56
2014-05-06,1638412,261166,337424,132587,461256,155095,323525,30871,263976,169376,78937,239092,93595,71761,99.81
2014-05-13,1627403,247474,333073,131502,453268,154210,325314,28687,275478,169766,78654,226818,96841,77215,102.01
2014-05-20,1607523,227820,316889,129427,469541,133994,345335,33443,258939,162257,63941,250659,99092,80117,102.8
2014-05-27,1635600,214519,302481,123369,480899,140223,365589,30063,261316,160546,72936,261201,108837,86481,104.78
2014-06-03,1664043,236255,328562,121163,470430,146295,362982,26818,262366,157574,77153,264979,112429,87440,103.34
2014-06-10,1676336,253211,348509,113658,465142,135694,356487,27091,270893,164389,75774,267663,114341,85570,105.02
2014-06-17,1721703,246056,351396,108480,490916,136798,367081,34799,289917,177980,53106,286092,109299,78679,106.95
2014-06-24,1720856,249236,346005,104340,500151,147314,360883,37895,297814,187133,51152,269319,104817,71206,106.64
2014-07-01,1759554,264738,352070,108087,502137,152277,348787,37392,310414,186925,52480,279359,108967,73425,106.06
2014-07-08,1742131,261720,339331,108998,494017,158441,334110,38802,308122,180321,50742,284681,105738,67995,104.06
2014-07-15,1721704,282359,339617,113618,483295,159351,304847,40906,305830,184882,49220,275116,95701,68369,100.56
2014-07-22,1642836,248205,301631,120260,471099,146572,297492,36222,296839,170082,59908,266747,96639,63818,104.59
2014-07-29,1628926,227621,278142,119077,470945,152386,302682,37182,300352,167433,68194,262942,96433,58783,104.91
2014-08-05,1587187,232751,274048,124997,464396,150201,283767,46673,289429,166777,56667,245795,93470,59978,97.34
2014-08-12,1583609,233198,260871,122677,449023,141699,267654,49179,315427,165677,60086,248015,89262,59309,97.36
2014-08-19,1542337,215613,240634,115409,442111,141903,260743,64050,308076,168545,41765,252249,79799,51549,94.35
2014-08-26,1550253,213757,245008,119804,429130,143263,260843,65101,320692,163407,41422,252902,75585,52735,95.78
2014-09-02,1559353,205524,235607,126875,421429,140750,258396,76190,331545,162662,42304,252909,80692,58619,92.92
2014-09-09,1553516,208074,239642,128531,415593,144537,270286,72124,322450,156294,54474,246524,76820,58172,92.73
2014-09-16,1528614,192368,221567,118467,399151,163754,277164,68414,309683,157253,68722,236682,73243,60641,94.91
2014-09-23,1480629,188984,232898,120525,390611,154152,264713,70644,288442,158526,56543,232795,72492,54544,91.55
2014-09-30,1485856,187631,231572,118432,388702,157379,272403,64449,279030,154286,66294,240545,76150,57885,91.17
2014-10-07,1503764,204759,259101,121438,381000,152120,273096,73126,259865,162546,68833,243515,86425,66204,88.89
2014-10-14,1537452,235755,282173,129813,376795,137200,283237,81051,250772,158388,81794,259503,82784,68164,81.72
2014-10-21,1459981,221691,274357,147210,381798,120817,277256,65899,232040,153093,84349,237956,69918,62765,83.25
2014-10-28,1476289,235349,290581,140097,363072,131114,271486,65752,230454,156600,95030,237496,73693,62790,81.36
2014-11-04,1498736,231568,289968,133495,354548,140671,268471,75800,237758,167178,91317,245274,74321,63400,77.15
2014-11-11,1509371,234178,295923,125413,353069,141164,271818,68554,247229,170301,96733,241587,77681,65112,77.85
2014-11-18,1459175,218559,266590,117317,344069,151277,252086,69711,266583,151627,78639,224717,77009,57589,74.55
2014-11-25,1386635,201683,251617,110460,330584,129852,245213,76825,231379,155408,70795,237347,75293,58236,74.04
2014-12-02,1439654,213400,266909,110493,326930,134313,260916,63273,242551,147802,80449,260697,69482,64532,66.99
2014-12-09,1445093,220662,275562,108635,321567,135477,263232,60311,234269,150523,91668,260155,72140,66084,63.74
2014-12-16,1475862,203106,271179,112532,342898,138159,276135,60996,233013,158897,89957,272999,81021,66661,55.97
2014-12-23,1428829,194950,266289,115440,333508,163709,257276,56380,231581,155505,74752,241344,69024,61266,56.78
2014-12-30,1457729,193840,270179,122086,326324,167129,259253,64769,231540,161931,83931,246843,75107,67014,54.14
2015-01-06,1505101,205377,286774,120253,318734,164834,270010,81759,241346,170811,90262,249669,82801,71723,47.98
2015-01-13,1627535,229511,330911,127038,309425,167893,305707,100912,274875,179757,109072,255954,86800,78493,45.92
2015-01-20,1591022,223956,339795,136898,307310,162165,304529,98823,257452,175979,100416,247332,82711,77729,46.79
2015-01-27,1668047,255666,380108,142675,304868,170178,319868,116124,259279,176413,105886,260172,83796,71432,45.84
2015-02-03,1721471,258305,382736,176078,325239,171717,310803,117359,279144,177453,98701,269197,78774,77378,53.04
2015-02-10,1717593,256509,370168,184439,344799,160785,300286,105240,292900,178703,102222,267659,76312,73820,50.06
2015-02-17,1689966,244656,372142,175161,344307,160597,309159,100601,287510,169582,78750,264960,78341,81099,53.56
2015-02-24,1695437,264401,390238,183707,338204,157972,317774,119347,259491,173131,101721,251774,87187,76690,48.48
2015-03-03,1687908,239843,368126,201464,343581,162251,300081,135887,275294,197867,99772,229068,82040,73929,50.43
2015-03-10,1670894,206207,330540,201092,340239,158751,301134,140849,277579,194008,93634,251241,80882,78061,48.42
2015-03-17,1760721,205668,338359,219413,337856,167696,314564,170068,299396,202392,103400,262784,88808,81162,43.39
2015-03-24,1748067,200057,317497,236742,321007,158264,315174,173210,304287,198412,133489,259275,75856,81038,47.03
2015-03-31,1740134,209706,336444,220302,319910,148619,324675,149222,313452,191353,140111,252323,79704,80053,47.72
2015-04-07,1743733,202543,339816,215418,321973,148305,335452,119031,313226,185477,149855,266871,76441,84656,53.95
2015-04-14,1774773,243508,399621,203542,326924,162959,342607,104051,304229,185378,141774,254767,77783,80448,53.3
2015-04-21,1723025,230004,401938,186067,338977,162363,340036,80750,290266,179317,115511,259025,75947,74195,55.58
2015-04-28,1717417,221689,392658,193839,343487,159059,339140,81787,284142,182564,125073,257140,79844,74071,57.05
2015-05-05,1750082,233630,398478,196807,360469,166774,340604,74294,284530,190160,130764,258010,79567,76763,60.38
2015-05-12,1731678,235078,402482,204021,358723,165482,325773,62741,289003,186670,129490,248535,77116,75222,60.72
2015-05-19,1621198,201379,372326,197979,377572,142657,318849,68276,266596,185766,92908,228899,79073,71964,57.3
2015-05-26,1614397,197758,371713,196383,368646,140387,316262,65247,263227,185739,88763,238381,76260,78033,57.29
2015-06-02,1651499,198973,368403,198339,368864,143851,304462,59940,278681,189988,94992,257041,80164,79727,61.3
2015-06-09,1641774,196169,361811,200664,360156,139722,298385,61767,272351,185413,96176,272770,76300,77021,60.15
2015-06-16,1652013,211227,376308,182661,348466,156703,297492,58448,258146,187440,99351,283074,75270,71517,60.01
2015-06-23,1650025,198644,362730,182504,353377,189282,297027,61220,258845,182974,91348,267523,73226,65700,61.05
2015-06-30,1670091,205024,369840,186458,353313,192099,286776,65724,262170,196245,89118,266322,74997,71505,59.48
2015-07-07,1691891,201152,345380,199924,346572,183743,279448,98418,274637,206414,91284,266342,80231,85515,52.33
2015-07-14,1733695,210525,352361,215377,330443,203550,258100,110751,279629,209934,92896,280739,75841,83326,53.05
2015-07-21,1668737,193597,329070,208682,330347,188410,239438,125251,275272,224892,85396,263674,74772,71317,50.59
2015-07-28,1694436,206398,331930,209902,327978,177897,246018,139552,270602,229957,93004,278470,75192,75003,47.97
2015-08-04,1736523,220419,343269,198930,318368,192336,251136,135164,286911,227548,96427,282877,76366,81171,45.75
2015-08-11,1676233,167179,299095,206105,306614,188812,251147,151015,266762,227716,102005,280876,87636,81054,43.11
2015-08-18,1688731,178379,315306,225220,302122,190505,241712,159158,278942,231486,103476,259867,82620,79355,42.58
2015-08-25,1677151,166580,301821,218135,299743,185995,245238,156004,282891,228922,102593,265699,83691,82405,39.15
2015-09-01,1688806,158459,300621,220887,297795,196614,250891,140701,286520,236286,126134,266649,72500,73772,45.38
2015-09-08,1704251,178255,323160,218692,300193,192410,258812,128732,279278,231337,129987,277147,68320,73344,45.92
2015-09-15,1702949,186716,339782,211750,297642,189598,260007,115720,290393,225812,130713,265470,73203,73631,44.58
2015-09-22,1606217,154984,324842,207556,287469,185833,269393,105552,255609,219811,124223,248200,64831,74489,46.17
2015-09-29,1617902,166039,344482,212026,283332,182310,263126,112736,259413,218359,117021,245839,70790,72769,45.24
2015-10-06,1675676,176740,361858,218526,286621,193483,278318,104851,259398,212782,127988,263306,73123,78171,48.53
2015-10-13,1645951,204960,390576,207035,296286,180566,269937,87595,245175,217803,135153,239996,80479,70604,46.7
2015-10-20,1613562,169869,369669,217982,281548,182598,266363,106570,244676,218727,127369,235218,78129,65914,45.84
2015-10-27,1676033,178194,374157,227077,272697,183837,273436,134264,257515,226192,128789,248976,80806,75798,43.21
2015-11-03,1676897,161348,374723,236672,267669,190460,281962,116244,271557,211422,130949,246499,76977,78796,47.88
2015-11-10,1671590,169671,386748,230008,259003,193587,277775,139178,242615,221170,121445,255212,81552,73802,44.23
2015-11-17,1662829,153836,360679,233785,263763,182500,266187,156229,272578,227912,109315,239075,86956,78690,40.73
2015-11-24,1632471,144101,355381,252529,254722,168522,250061,164953,283060,222212,95295,232588,79398,77950,40.89
2015-12-01,1661176,157123,366048,246377,250324,168648,251057,171805,298513,224525,95299,232174,82759,78365,40.58
2015-12-08,1713573,161463,371547,246450,241189,168195,253141,178888,324578,226947,103326,241848,90951,84002,37.46
2015-12-15,1678527,149708,361271,239281,235857,179283,254885,175477,311899,217343,86240,243751,82377,84749,37.32
2015-12-22,1646306,149029,361828,242545,226427,167240,235119,173062,326487,218562,87707,221827,85497,81728,36.12
2015-12-29,1648904,154829,368797,239486,218134,176577,238919,165168,325755,209713,87113,222916,80709,84444,37.88
2016-01-05,1703201,162630,375379,234339,210155,179100,231998,182562,348073,228419,93678,232038,86604,82216,35.97
2016-01-12,1756232,171050,396035,250440,203695,168737,249863,213491,326905,249932,122800,243125,96180,81444,30.42
2016-01-19,1686382,168623,398711,232689,193648,171051,240700,184037,314724,242074,119365,223381,93140,81465,28.47
2016-01-26,1761883,189269,442026,235095,191388,172095,268202,191118,318940,255508,126882,235303,87471,84131,29.54
2016-02-02,1855603,224224,467613,227385,189782,177130,272485,206215,343376,273335,142732,244724,92944,84031,29.9
2016-02-09,1854379,211963,464509,239806,188146,170926,270210,197807,361662,274590,159116,224814,100408,87399,27.96
2016-02-16,1840051,182897,433625,269405,187672,187257,267102,209241,371124,250838,149712,211200,100228,90220,29.05
2016-02-23,1776696,176022,437086,258565,210730,166895,275705,173453,357338,257563,153959,192470,92138,84765,31.84
2016-03-01,1800298,166361,442114,262169,199294,178751,279333,154922,366461,250428,162321,207620,89175,88815,34.39
2016-03-08,1816474,177906,459477,262414,221932,172092,286827,121576,377482,248762,169761,199743,91248,94411,36.67
2016-03-15,1782857,170375,438090,237940,237962,173193,297622,102677,370260,246794,171883,197835,88838,90957,36.32
2016-03-22,1705631,151986,438768,231699,241846,169048,294899,68813,357844,232939,151048,181888,85328,96376,41.45
2016-03-29,1734511,167139,456110,222296,238375,169896,291100,81918,352096,243537,147208,197503,90944,91405,36.91
2016-04-05,1773774,168241,450906,226490,231652,179049,289770,113262,344622,251946,138324,218549,95107,97410,34.52
2016-04-12,1803510,171147,456787,251379,244973,187844,289000,87980,350287,241256,153115,219279,93318,103245,42.12
2016-04-19,1714186,156094,452779,219454,248547,189262,297733,75862,312610,242315,130011,208862,87856,96253,40.88
2016-04-26,1714689,169991,461052,220676,254690,183039,296197,72730,301512,248085,137287,207525,87664,96854,42.52
2016-05-03,1748628,184485,472880,223876,250688,186443,285229,72472,310881,244794,139007,223520,89400,92737,43.65
2016-05-10,1724987,209526,493060,236744,244831,176138,284570,92839,278842,237229,137000,209489,92449,92788,44.68
2016-05-17,1698980,190853,486146,219249,275385,175248,294071,72245,264496,260525,113582,197918,96620,113960,48.29
2016-05-24,1657419,164234,451584,204663,259055,167927,281321,70336,278089,246909,109752,218472,95804,102204,48.04
2016-05-31,1709540,182723,472201,202310,252194,184209,273948,63302,297513,248713,112357,222468,97656,105296,49.1
2016-06-07,1748314,181530,465904,213759,249547,186735,281955,89364,317496,243553,110962,222297,100989,106009,50.37
2016-06-14,1774350,181567,457036,209345,251408,203791,268734,116036,324967,254618,94731,227025,104303,99356,48.49
2016-06-21,1726381,173452,449722,217589,258900,196454,279417,98441,312021,235810,98191,221403,90235,91249,48.95
2016-06-28,1720740,193911,464289,211378,248784,194852,275846,123235,292431,234549,82921,225877,91896,88351,47.93
2016-07-05,1751823,204086,467686,203002,244439,189468,278085,132720,301808,241356,87049,239672,94346,88981,46.73
2016-07-12,1728765,208422,473865,216190,244099,165226,283738,129209,296267,232479,92213,231423,95020,96463,46.82
2016-07-19,1685116,181793,442834,208551,243512,164766,289395,153309,283332,236233,82738,224700,96346,89925,44.64
2016-07-26,1718306,191578,449595,213711,240035,158851,291432,190825,284954,247913,75221,223289,106578,95536,42.16
2016-08-02,1792640,209219,460778,215743,243886,159500,292454,227763,297162,270078,67577,240072,108412,95902,39.5
2016-08-09,1829979,226696,487459,246971,244415,165711,307186,232202,281874,254842,71576,246403,100296,100339,42.78
2016-08-16,1852402,228313,519418,231943,233267,213047,308899,175322,277054,261310,87387,241889,89947,105018,46.57
2016-08-23,1747499,206377,501997,206569,254497,201100,320757,100651,257581,234265,100627,233513,87337,97533,47.54
2016-08-30,1787891,244999,524848,191965,248680,203156,300644,104928,282888,237719,92147,232755,93765,98489,46.32
2016-09-06,1861718,256969,519818,209987,235805,209961,296386,148034,293754,237688,100245,247081,109892,107020,44.85
2016-09-13,1829620,255320,517794,186815,233296,205328,293429,123034,307272,244536,101629,237065,99855,104202,44.91
2016-09-20,1811705,253632,507277,194749,226935,209465,290493,161939,288878,242640,92321,229408,102440,95482,43.85
2016-09-27,1830991,254805,518771,195043,227944,214024,307925,152986,286580,235874,99167,235938,100802,95581,44.65
2016-10-04,1871665,250704,528193,169924,248656,222348,326975,104144,316309,244331,104186,242629,98445,105200,48.67
2016-10-11,1880412,242076,540757,169961,280611,183937,337612,83237,334221,259957,100682,251397,101251,105570,50.72
2016-10-18,1811281,203545,497460,160967,275791,197848,327095,62609,316231,251435,107926,254183,99977,99233,50.3
2016-10-25,1821737,205471,498051,154640,276561,196982,311053,66428,324795,260769,101808,263565,104462,93547,49.45
2016-11-01,1854612,224859,489187,168346,279027,203028,290299,78890,333613,252797,109807,264457,117213,96603,46.66
2016-11-08,1973656,270377,524345,209135,254735,193527,293347,162455,350551,267467,120820,273693,115559,93530,44.96
2016-11-15,2027539,276423,550395,247259,250861,210802,308940,185047,316075,272476,120043,290871,104693,103445,45.86
2016-11-22,1995504,268668,536489,238026,252134,204337,333888,179067,336991,226685,105186,283633,103276,97667,48.07
2016-11-29,2020026,290721,554091,212452,253767,211091,321114,162434,350572,230583,101382,293646,109847,93043,45.29
2016-12-06,2098290,323194,595937,169391,296009,199022,351457,108932,406022,238330,103229,299436,111438,89703,50.95
2016-12-13,2104703,336015,608297,134565,310124,214647,366232,91475,411110,248548,100538,282406,111180,86106,52.99
2016-12-20,2029807,290830,570074,149009,323862,191405,356614,72861,431488,247090,94182,265270,98101,80665,52.22
2016-12-27,2037834,281156,557922,144781,327385,183603,357096,71857,444825,251769,92076,274422,100182,85744,52.82
2017-01-03,2089324,312021,593460,145217,330542,182940,356275,76578,445192,251842,91465,285775,110062,83372,52.36
2017-01-10,2114656,338039,626679,150472,327232,182983,353726,75366,433493,250535,95333,292238,113170,81332,50.82
2017-01-17,2179122,336347,635359,152144,335503,189046,403021,59606,437034,228516,107253,324606,108408,90715,52.45
2017-01-24,2151809,324620,630187,150154,342527,183172,420513,53692,441312,221888,106186,306079,104071,88654,52.38
2017-01-31,2181656,342192,655171,149467,345626,185797,427935,53471,423598,228775,110547,316114,107778,91332,52.75
2017-02-07,2191158,353142,657566,150869,350928,179614,419755,67732,411419,242174,117207,307554,126631,99138,52.19
2017-02-14,2183943,384000,703430,159104,366091,191066,432594,49062,369269,250660,125736,290588,106662,88701,53.21
2017-02-21,2103278,323391,665302,149584,379458,186506,448846,43518,350832,263871,112592,275972,104276,89098,54.02
2017-02-28,2120334,331051,661192,157850,373725,188919,429168,60566,357669,261113,104461,291508,103056,82294,54.0
2017-03-07,2137532,342230,662690,158759,373798,181967,418346,61168,364601,263830,112483,300759,107040,80066,52.68
2017-03-14,2240261,402150,673907,190170,365819,183022,383767,128947,353205,303259,124279,311841,112847,99241,47.24
2017-03-21,2194206,416395,677811,183963,355984,175919,361256,127857,346390,297773,112655,306288,106222,91302,47.02
2017-03-28,2222462,410098,663212,196032,353007,172205,345055,134810,379578,302926,115091,312596,103972,91963,48.36
2017-04-04,2213064,379478,637719,196411,343942,172436,343733,115741,397333,306254,125864,314485,102934,105544,50.99
2017-04-11,2193567,390718,634964,186762,371914,158566,354115,77094,412057,291838,131816,298797,100714,108359,53.38
2017-04-18,2161434,379023,628206,180336,376403,168965,366681,73576,408566,271169,120391,290719,95975,94608,52.46
2017-04-25,2188272,385949,626889,185072,377757,167147,318733,97783,410585,300023,109151,316720,104043,82240,49.22
2017-05-02,2215531,393287,628014,205088,380221,158379,299554,136549,388480,331138,120999,314506,125099,88383,47.65
2017-05-09,2276413,431647,646442,223062,348061,178121,299622,183771,370795,355574,142674,307740,109852,98809,45.84
2017-05-16,2337124,438514,654646,224717,342092,200473,293217,177657,392235,352824,139432,325310,109834,105279,48.64
2017-05-23,2211099,418969,630557,202750,359713,195226,287276,114532,410794,308223,107978,294845,93016,97454,51.12
2017-05-30,2198081,406726,617446,191010,358055,208703,289584,104388,408165,305993,117434,291679,96221,92211,49.63
2017-06-06,2228585,395477,615582,192772,363486,206195,308157,106567,415959,316698,135819,289931,103396,95046,48.13
2017-06-13,2176740,392697,603785,206420,371337,189872,317192,148565,360574,322117,131745,281631,106237,89231,46.41
2017-06-20,2118015,397367,595480,205036,366637,181003,299982,189233,343923,328566,110551,244489,117649,86699,43.34
2017-06-27,2143111,409438,603555,214847,367068,188153,308260,202277,343285,330618,109413,237744,110766,91616,44.25
2017-07-11,2133575,427434,631049,202813,360569,181897,308829,151574,320595,320180,119410,271781,100046,96700,45.06
2017-07-18,2140060,424530,637722,193643,378771,185681,328364,119023,311864,323651,136533,277812,94515,92654,46.4
2017-07-25,2149971,392149,602784,197539,408970,175116,327029,90169,331446,332021,145543,300090,94581,95853,47.77
2017-08-01,2219691,374721,585356,190549,465049,167439,374771,84892,377621,343141,146255,306205,85244,86874,49.19
2017-08-08,2215548,356254,544770,187105,475331,171515,373065,87801,370968,334471,139106,328243,93927,97814,49.07
2017-08-15,2311603,384448,575538,185558,467967,211554,363317,94020,384718,336034,141858,346463,99511,89485,47.57
2017-08-22,2236977,370437,552989,176697,450011,204115,347101,94806,392312,329728,136575,321681,94906,84488,47.65
2017-08-29,2247058,393167,533436,182456,423367,212605,315519,176960,396103,347794,120488,300341,99073,83758,46.46
2017-09-05,2326586,430116,563160,179221,434906,206594,328634,158959,441344,346971,134533,296031,97675,91059,48.63
2017-09-12,2345125,475884,584204,178810,449805,202343,310596,156518,436566,352054,131652,300108,88764,83929,48.21
2017-09-19,2377488,484965,596256,181137,489783,192162,337800,129341,421497,340356,130741,331004,88567,86704,49.54
2017-09-26,2411223,453473,560647,177965,530116,193472,363758,102651,456082,334422,141421,331746,100305,95088,51.59
2017-10-03,2471226,479268,576675,183602,538411,185505,360904,110731,497505,326707,132564,336821,100914,93014,50.44
2017-10-10,2437479,464428,550694,185869,519773,172479,361328,122704,480905,323994,145557,345821,102655,99546,50.93
2017-10-17,2440472,429057,514463,187101,533213,185916,365292,143158,474381,336654,129263,360074,101997,100004,51.87
2017-10-24,2371940,407429,491445,187474,553047,177807,376389,136425,453555,334293,127430,334318,100675,97913,52.32
2017-10-31,2509878,460244,538586,184382,608914,164937,396081,100849,520730,338682,130965,340084,104738,104813,54.36
2017-11-07,2601977,491538,572489,191501,661957,153630,415679,75410,542806,343064,138127,355633,108126,101925,57.19
2017-11-14,2627570,417212,523814,182951,690433,193256,432765,60526,550217,345973,121746,394793,110403,92785,55.67
2017-11-21,2512147,379873,475708,181535,669498,186692,409921,70429,555220,332237,94651,364067,102602,95882,56.84
2017-11-28,2489012,364854,466324,182482,702808,190968,442394,44288,557421,321392,109665,325024,104477,92514,57.96
2017-12-05,2554224,413838,506697,180850,711251,192475,443885,48805,572474,316093,100045,331902,102707,90575,57.66
2017-12-12,2571686,437517,525461,179559,720945,164868,436971,46825,573321,324150,99799,352518,102782,87949,57.12
2017-12-19,2456059,409771,489539,177508,717731,164766,423689,48064,527786,326159,99945,331797,94583,76431,57.49
2017-12-26,2460193,405493,489725,177419,737456,167277,444833,40595,500037,328060,100137,335420,101654,89546,59.55
2018-01-02,2479798,419764,497296,177172,747754,169411,426682,37546,496578,335984,100907,346002,108205,84304,60.37
2018-01-09,2545313,428496,496673,176648,782569,161468,463262,30612,503929,338232,113292,359115,114163,97655,62.92
2018-01-16,2611581,408183,486869,176234,829262,170791,514642,30813,541579,339448,115490,345141,115563,91636,63.82
2018-01-23,2593128,395966,471218,173004,836726,168670,514887,36330,546319,337445,99307,343453,113384,91105,64.45
2018-01-30,2643683,389730,473963,172205,852769,165110,519545,36765,591055,346488,94710,345922,113628,83389,64.64
2018-02-06,2589270,395985,476643,169390,850156,158853,500141,32358,578399,361961,90647,313458,111083,88756,63.48
2018-02-13,2530604,373972,449307,161886,822464,155697,477670,29270,583561,359786,95925,306281,111751,88099,59.33
2018-02-20,2431805,356982,433966,161638,800742,148266,460261,22330,552482,343877,92442,308312,99987,73265,61.91
2018-02-27,2460214,360840,454753,163568,799644,146097,480874,20537,544958,342561,98794,319573,101743,75858,62.94
2018-03-06,2451492,378802,470741,157764,780373,158248,469822,28698,537517,345169,99786,298825,105345,77304,62.54
2018-03-13,2403162,410223,495970,155258,766875,164075,455113,30106,493354,344144,100618,273473,107522,78691,60.69
2018-03-20,2392391,401744,497754,159634,787500,150064,479798,23570,494010,343383,95903,253832,109926,89758,63.37
2018-03-27,2513575,438524,525253,159843,811145,150476,493496,30072,534860,360759,108413,257967,117650,95389,65.21
2018-04-03,2547337,461671,548257,158532,796510,164450,454856,33792,549437,374431,95950,273251,110709,85690,63.41
2018-04-10,2480033,429351,530386,164631,791272,142412,450579,33777,489609,385774,95496,309667,108010,87414,65.48
2018-04-17,2596578,450882,552184,162439,805130,149136,460778,29221,539268,389215,92641,338394,106466,90604,66.5
2018-04-24,2574820,454594,535769,181865,839033,124267,455634,31038,530450,383264,95437,335234,109512,83592,67.66
2018-05-01,2621768,495405,569793,188421,833939,130570,440176,34075,564751,375000,90374,314340,113105,83926,67.28
2018-05-08,2658229,520850,581516,195937,833611,139693,428558,25437,545032,376248,99441,341120,110791,92379,68.83
2018-05-15,2706454,520221,550304,200105,844397,162620,406139,28683,566896,366372,99384,366105,117996,88065,71.34
2018-05-22,2643354,492032,506672,197459,848321,153736,385874,31593,571293,364446,85341,354166,124348,92232,72.09
2018-05-29,2620926,483301,490399,195952,841483,155969,351076,50089,572740,378623,71782,352992,130273,85472,66.8
2018-06-05,2546827,459623,485344,200359,807924,169432,341644,55468,549402,367720,70320,331173,127474,77764,65.51
2018-06-12,2524439,465328,509783,196899,793192,157508,351619,61152,538155,368723,63897,320439,125768,80313,66.38
2018-06-19,2458404,427377,465516,184017,765951,178396,349807,53944,541611,344614,59530,318686,113896,74770,65.09
2018-06-26,2423829,395809,461277,181425,771415,182445,398030,19159,561926,321271,75051,268136,114787,84420,75.23
2018-07-03,2466531,391204,472724,177617,780023,172669,445884,15056,597918,316854,90962,253376,111009,83803,74.19
2018-07-10,2499172,417719,500271,175640,780169,166257,447069,17353,614443,308202,83453,257461,112381,79765,74.11
2018-07-17,2440486,424158,496784,167041,765638,163225,404894,14132,615307,305577,65045,250595,109689,69760,68.03
2018-07-24,2361062,400887,461955,165901,756489,167523,399534,15889,589216,288642,61816,243033,106326,65141,70.77
2018-07-31,2349169,404140,463449,163684,755972,161373,402496,18051,575725,296223,67268,243244,102284,64087,69.88
2018-08-07,2342575,408588,472146,162268,751058,155827,396109,16864,580187,295599,65917,233572,110425,67004,69.17
2018-08-14,2329989,399163,457979,162242,722173,167256,353696,21188,599468,301549,60629,237587,109028,63709,67.04
2018-08-21,2235767,381632,416803,164112,707785,156974,364895,33235,574920,277167,70042,217847,98220,58161,67.32
2018-08-28,2240977,384422,428941,165575,706882,157361,378229,19992,559808,276155,84079,220635,98792,63279,68.54
2018-09-04,2303047,398138,449593,168631,716703,156361,396983,19242,582243,276444,88455,220925,103322,69525,69.82
2018-09-11,2281869,400214,449684,170093,696432,153166,373377,24809,575480,279558,84281,229824,100157,68193,69.29
2018-09-18,2228937,389771,435303,171736,694142,179446,352604,25847,551743,274310,70701,210955,98372,60800,69.87
2018-09-25,2225779,363909,433868,170639,696870,166159,358204,24563,557167,289010,62566,218156,102535,66430,73.4
2018-10-02,2245589,370133,421438,176371,708695,157226,359337,29838,566839,294562,75152,213418,107703,72983,75.16
2018-10-09,2217171,383926,411922,169870,710530,141312,334714,38037,557536,298403,67029,223907,107503,66898,74.95
2018-10-16,2218887,398643,417302,172472,691000,154350,307049,57497,545814,307374,63697,228976,104209,60251,71.93
2018-10-23,2131494,394127,412102,168042,652882,150603,269291,69842,523017,316121,60292,206962,103331,55794,66.49
2018-10-30,2093055,422496,423474,167524,633617,156477,255238,68728,480675,310433,64305,204879,95333,60900,66.18
2018-11-06,2075239,434452,439192,160976,602847,176211,241906,93737,414321,312656,57042,228738,105979,63151,62.16
2018-11-13,2110793,464623,467862,160171,576459,185963,244987,109306,398521,316458,70941,235786,104284,65955,55.63
2018-11-20,1998866,455811,438755,150091,563537,164062,235546,102596,373974,293303,59066,231774,94305,65102,53.39
2018-11-27,2020092,467968,446724,150906,545365,175387,222409,93965,388302,289270,69593,234441,91409,66315,51.31
2018-12-04,2048735,474099,457779,155969,520813,184458,210034,106054,411158,295258,69092,226889,90870,72492,53.21
2018-12-11,2050634,467856,449876,153702,502634,179645,206987,112347,417283,297597,82731,234019,93545,72099,51.65
2018-12-18,2063376,495670,478536,151655,503074,172828,195923,128627,435651,306792,64480,208047,96810,72133,46.12
2019-01-08,2120930,492894,482907,150934,436196,176500,202408,142709,476951,296308,78796,238056,86879,88815,49.58
2019-01-15,2103777,469416,500125,157324,436039,185158,204610,108148,468291,293747,83284,242194,83037,80538,51.8
2019-01-22,2048817,462524,513964,162294,445847,179239,214399,89168,426276,286496,76868,240287,77302,77168,52.59
2019-01-29,2042018,440773,515234,165366,433760,198782,224573,70931,427849,274724,87455,236909,73042,71098,53.07
2019-02-05,2057061,448768,505844,164168,439214,203162,229031,81026,410872,262839,89235,256787,81434,70921,53.69
2019-02-12,2077398,489709,529299,167141,426479,184615,219088,82705,419862,253093,101262,264499,79391,68677,53.14
2019-02-19,2019218,489846,507742,155553,460080,163685,222647,79198,405570,256353,85835,247178,78386,69930,56.12
2019-02-26,2025884,497826,513822,150697,472321,173688,224313,76399,397831,261922,82165,240253,79354,69405,55.4
2019-03-05,2067851,483058,508446,148274,480461,179757,239723,63656,426755,257933,85199,250595,81756,72982,56.55
2019-03-12,2012864,458130,490449,148283,485467,147466,242177,58369,420379,257992,79535,255780,82657,75419,56.89
2019-03-19,1962559,430344,471110,143270,529351,127561,284974,46309,395513,249589,73508,250953,80355,68254,59.12
2019-03-26,1968511,409183,465761,145038,543878,142719,305594,38543,392821,254958,73390,239095,79103,72304,59.87
2019-04-02,1975009,413328,479754,146345,567192,143094,318080,32378,366879,272232,76573,226324,88727,82815,62.53
2019-04-09,2021814,444236,518731,153251,614238,114553,344229,24171,381348,277537,80933,209531,97129,78309,64.05
2019-04-16,2092151,450464,516293,156742,620903,125520,345258,25210,431844,270852,75642,219523,91948,77216,64.01
2019-04-23,2139213,448757,507806,158645,670065,109568,352453,22057,472585,292217,75254,208588,96400,73290,66.24
2019-04-30,2144648,433628,481154,156427,658064,121520,343484,27486,495268,294814,86709,208949,90558,65498,63.83
2019-05-07,2133539,425224,456214,150467,641056,117693,319320,38192,506719,297469,84261,219246,97401,70158,61.41
2019-05-14,2153657,453781,485744,146990,623906,134333,304707,40168,498979,303272,80003,220640,90955,69884,61.82
2019-05-21,2085029,427922,449977,138822,618653,123808,277839,39105,513372,308140,68476,203964,91162,67674,63.02
2019-05-28,2102854,430074,432243,135433,582341,160877,257197,55890,531510,307236,69605,200638,79889,69750,58.91
2019-06-04,2078407,435545,424124,132244,555213,169355,239064,68688,505568,299883,70091,214397,82351,70971,53.5
2019-06-11,2057046,446808,428434,138697,515690,163064,214928,96527,487028,300529,67275,224308,81684,74720,53.3
2019-06-18,2003618,435179,423312,140591,515127,155852,223751,71072,462047,278998,68590,228532,78668,79086,53.86
2019-06-25,2004961,449040,426663,138944,536229,153207,215133,53922,465968,281808,64216,224769,76092,79987,57.63
2019-07-02,2031169,438402,414608,135368,557393,158194,225003,51394,494764,288177,68976,207712,83549,78128,56.0
2019-07-09,1999766,422456,399784,137304,552943,150201,224016,46979,486691,281680,68568,217614,79804,76986,57.57
2019-07-16,2089629,423330,408288,138174,584762,157201,268607,48964,522087,276877,72758,218969,84384,76600,57.44
2019-07-23,2056492,416733,390065,139146,563302,154847,255681,76957,524550,282259,63132,206037,77239,77602,56.58
2019-07-30,2069072,435611,413189,140203,549692,157007,259812,79192,500613,280426,73755,216999,78401,78625,58.04
2019-08-06,2070210,443673,410221,133538,541079,183583,264936,86287,462362,275988,78996,229971,76159,77711,53.6
2019-08-13,2059135,403077,382808,138885,530688,173195,277969,67580,486158,269071,97316,238314,72466,83076,57.05
2019-08-20,2002847,401129,397180,133848,543610,157194,269925,49493,500205,259044,64841,212918,68584,77406,56.18
2019-08-27,2003007,409527,407218,133433,518187,170551,250734,57053,490798,262731,64762,213933,71300,80505,54.99
2019-09-03,2082415,435531,416455,131811,533006,181490,242150,62554,519248,266790,62229,228904,76491,78529,53.91
2019-09-10,2080994,427811,417361,133402,568040,154997,262145,41657,527914,265434,57717,229211,80080,84097,57.37
2019-09-17,2073041,429278,402579,135475,602457,162227,266138,39324,492321,264219,63928,230954,92429,79251,59.26
2019-09-24,2048088,449884,420943,133940,603135,156217,261776,53064,473965,266717,51267,222065,83524,67432,57.22
2019-10-01,2085676,468378,435995,135177,569537,179864,217764,76541,476355,297065,48969,227421,83652,70994,53.6
2019-10-08,2105717,478983,447388,136547,531651,177622,210463,113400,468676,309820,51798,235724,87882,79458,52.64
2019-10-15,2136717,474755,451204,138258,526266,172436,211183,120721,497027,325223,58801,235561,82274,74701,52.81
2019-10-22,2081290,463299,431157,136146,535258,161762,229935,130083,467771,319016,52696,228056,75305,74507,54.21
2019-10-29,2045914,450131,425999,137554,545863,158413,227229,115776,453581,325013,53119,215859,78134,77304,55.34
2019-11-05,2083893,449547,432775,137349,560067,151997,236564,106362,473337,328462,52524,223520,83117,83311,57.04
2019-11-12,2151499,464878,478066,136614,548177,169920,226642,63123,511807,312440,51362,251855,77343,77189,56.67
2019-11-19,2123596,457844,458185,124867,565670,157273,213438,75368,529760,327982,36077,225310,87122,75953,54.93
2019-11-26,2187168,468648,486425,123924,580923,158095,244968,35781,562820,308769,47020,237820,82124,78284,58.25
2019-12-03,2163757,472745,483558,130867,557764,165841,214170,62981,557473,316950,40104,222298,83413,73738,56.15
2019-12-10,2229813,493855,513544,127877,610177,151892,271959,30942,556783,305257,50735,233937,88253,81803,59.22
2019-12-17,2166584,439892,465687,133364,649532,158408,310460,25131,499728,301653,50605,235131,87948,82362,60.88
2019-12-24,2114661,399370,417347,135930,676822,151008,324992,31272,493259,300310,43953,226261,83531,74739,61.17
2019-12-31,2145567,407814,432258,135952,679143,164576,331362,30584,501083,295486,41407,225027,84267,71489,61.14
2020-01-07,2244930,427802,454860,138350,709217,163954,340235,29708,551407,298774,42029,225524,98884,68231,62.7
2020-01-14,2215893,394095,395926,138293,700794,155052,285931,48882,603210,324513,31250,222744,92055,58035,58.34
2020-01-21,2146832,372657,369076,137850,690907,149484,291872,48176,580595,307356,30484,224674,82344,53436,58.25
2020-01-28,2172019,363255,354371,139223,634242,174783,264171,85712,594978,324084,40781,225605,85920,61547,53.33
2020-02-04,2271741,445078,420616,141180,590768,198733,249960,123251,570742,326957,56292,247095,91996,64244,49.59
2020-02-11,2213522,451866,438213,140951,567211,184215,236316,123923,513665,340839,56463,252910,92760,76922,50.0
2020-02-18,2138168,416813,408548,135064,563539,183853,223429,118106,503664,347823,41382,241040,86482,78036,52.1
2020-02-25,2179833,473740,474630,133051,571964,172863,215912,81481,501523,342886,45851,252598,87260,78923,49.78
2020-03-03,2196089,481474,468448,132762,535958,198747,224961,114473,482130,338943,61062,255574,81498,79697,47.27
2020-03-10,2220972,480642,464070,138644,551598,194547,258780,111996,485973,328787,88174,246855,86744,77759,34.47
2020-03-17,2154450,524127,492908,118950,606767,179994,233160,74993,423894,339659,57589,247864,86802,70441,26.96
2020-03-24,2141284,489761,451886,123658,628426,190672,243563,78503,400631,334803,63850,258629,99567,68687,21.03
2020-03-31,2340672,541367,526807,139735,633689,204940,266671,100469,453541,357726,88820,262061,114631,70345,20.51
2020-04-07,2342227,555045,540300,126318,666110,204448,271865,91542,438868,383906,79334,243450,118327,78175,23.54
2020-04-14,2353955,488323,519210,138641,662583,195818,295870,100515,439978,404604,89290,261587,129134,84974,20.15
2020-04-21,2276638,468562,517090,146426,690480,168696,324667,77189,401214,411581,71879,254573,100919,95517,8.91
2020-04-28,2261202,463745,539452,133110,647688,182661,384326,65960,346636,353452,82430,295080,102192,101295,12.4
2020-05-05,2243871,464901,557148,136434,581085,228467,392191,63590,340466,330721,128710,254922,95769,89483,24.56
2020-05-12,2248020,491543,600425,134875,583964,199873,405071,53386,361750,304486,115152,247425,102997,86045,25.76
2020-05-19,2158749,425213,546228,139073,593013,183870,401853,41670,394475,290164,106744,220348,103753,72401,32.3
2020-05-26,2135678,408856,547988,141849,573857,175250,420655,45845,386140,280579,112815,221123,101226,72660,34.7
2020-06-02,2127664,400183,570274,148732,578655,163551,438274,44143,377205,290898,116699,205641,103180,71496,36.88
2020-06-09,2126629,397123,574214,153372,584844,157558,444681,47132,372603,288253,117893,208342,104697,64043,38.98
2020-06-16,2076990,370427,542736,152338,560338,158661,428957,55896,391927,277526,104315,200607,96547,62510,38.26
2020-06-23,2003477,352885,522392,149390,575761,144885,426549,56461,372858,284708,93913,179127,93075,58080,40.4
2020-06-30,2008618,330293,488499,150756,562935,157110,435127,60260,384490,269266,100307,189909,91667,65108,39.27
2020-07-07,1972049,327114,475611,150367,564196,153471,424344,63336,370189,262199,87890,193364,91001,63992,40.59
2020-07-14,2019705,356706,494204,148463,571758,157476,422842,62853,387309,269416,89654,190543,86950,65908,40.3
2020-07-21,1956768,320330,455384,147322,590924,145671,430855,60733,382007,257055,78301,183658,89870,60090,41.76
2020-07-28,1992556,343527,474076,151814,585722,143855,418040,66264,404633,258782,77989,180394,91511,59623,40.89
2020-08-04,2032921,339264,452560,150786,604551,136070,427869,65676,422707,265883,91810,199992,90350,59555,41.67
2020-08-11,2060880,355268,453799,153789,612055,143868,421037,73041,429320,261790,88851,201628,94180,58318,41.53
2020-08-18,2044952,376011,463236,145679,606201,132235,412744,76008,440294,252841,78882,194431,90717,53665,42.89
2020-08-25,2052448,367966,451737,148168,601366,123541,421127,89342,460056,250762,81848,191961,88867,52597,43.17
2020-09-01,2064137,358914,439801,146836,593185,126853,422645,93057,482451,242815,81488,194423,89200,52879,42.76
2020-09-08,2046660,364935,422023,150954,574048,120798,381443,120324,473194,255782,67535,207430,92124,61308,36.87
2020-09-15,2108987,392441,447489,150679,570478,131521,401067,109201,489250,248026,90148,205164,90839,65736,38.29
2020-09-22,2028620,358737,421500,146043,575979,120466,412708,89492,462200,235226,85673,212653,80587,60657,39.55
2020-09-29,2078331,365934,431472,148592,564256,132356,401864,99406,497283,246758,87305,202416,83128,63837,39.03
2020-10-06,2111762,381207,457226,150840,563185,138621,403194,96499,502588,254593,89752,198037,82682,65854,40.52
2020-10-13,2059382,374026,448901,151181,573221,121693,386213,88174,489690,263720,88962,185678,87181,63063,40.03
2020-10-20,2008815,342810,432093,150666,572500,119902,409109,71572,473872,255588,102777,173962,82906,62137,41.37
2020-10-27,2011744,338934,430538,150872,558072,123531,396466,96127,483233,263312,91561,169056,86340,59626,39.34
2020-11-03,2013491,345621,435300,161494,539373,124943,370065,106626,486799,269080,90059,167480,88009,62911,37.44
2020-11-10,2053450,367335,457067,167233,562994,115476,370004,75663,501779,263739,94542,179110,88774,66819,41.18
2020-11-17,2083804,382400,467440,153838,572834,124754,383673,83845,507989,254572,73589,192098,84480,61255,41.24
2020-11-24,2083018,370173,464456,151375,612878,110026,402988,72886,486539,270169,77632,198826,92922,59775,44.71
2020-12-01,2122605,385541,472661,151431,624306,109959,406334,67800,510520,271013,92382,191754,96053,53223,44.54
2020-12-08,2131913,410827,494538,153226,625990,92704,406664,67302,507150,264432,89165,197707,99203,57357,45.64
2020-12-15,2154618,433697,511935,152505,626205,103551,405466,59849,500469,259091,90904,202074,97765,59631,47.58
2020-12-21,2120797,397823,476874,152508,644034,96658,396098,60329,512420,269500,79567,196837,98953,54078,47.79
2020-12-29,2121502,397651,481784,154454,622271,105944,393133,60770,514939,262561,83193,198877,93943,53724,47.85
2021-01-05,2169541,401615,478823,151864,636507,112946,407901,76702,510155,276231,88781,207968,100861,57659,49.78
2021-01-12,2234696,435107,507713,151513,655831,105104,421098,73054,527621,271217,91544,220538,102498,53291,53.08
2021-01-19,2217037,420555,488561,156468,646163,114108,414975,70266,540271,249858,85983,218511,102291,53174,52.87
2021-01-26,2316660,448236,526780,159399,631906,110963,414159,77918,588144,262234,93863,232789,100736,54297,52.61
2021-02-02,2389677,502171,589744,161717,622351,111848,422487,77254,578494,252974,99033,255936,104050,55017,54.77
2021-02-09,2446808,536887,621435,158440,644924,101479,436352,66871,597134,258490,113713,245920,112106,55332,58.34
2021-02-16,2507620,573177,651170,159342,656133,111839,434675,55703,617025,262420,126679,237912,111230,51159,60.07
2021-02-23,2460204,556817,629238,164785,662188,108022,423837,59607,611560,259044,111434,231436,104703,46719,61.66
2021-03-02,2491831,542417,624448,163498,659303,107353,430087,66696,638794,258142,102514,243391,108149,49332,59.7
2021-03-09,2494636,541011,618305,161232,678569,109494,420512,56366,628068,271996,98704,249170,113153,55960,64.02
2021-03-16,2523179,549736,622032,165324,672228,110884,417412,54979,640487,263096,100087,267956,108284,54526,64.82
2021-03-23,2321767,495497,572660,168098,668691,111451,408942,55578,505085,274073,104382,251935,106686,51985,57.75
2021-03-30,2327016,483408,568423,167592,661770,111929,400868,44950,531525,270290,94898,260971,100433,52550,60.55
2021-04-06,2340357,501750,594957,163513,633780,118890,377544,43151,539637,271693,94361,264560,102770,51021,59.34
2021-04-13,2301831,547213,633036,165898,624763,92690,390723,47132,503996,253084,103997,241872,106355,54345,60.2
2021-04-20,2346793,568341,653987,165315,628543,92466,395792,58051,532364,255075,92833,234635,102805,53914,62.61
2021-04-27,2353470,567816,668390,167305,608872,100183,397664,52727,518585,252636,107862,244392,104889,52459,63.03
2021-05-04,2419641,561621,672560,169575,615106,107643,409731,54415,550745,248946,104249,259027,112353,55896,65.72
2021-05-11,2444466,566426,683665,171173,610785,122211,390384,59364,559497,259734,94193,265245,109796,49506,65.31
2021-05-18,2458804,605715,685111,170105,623238,115209,370034,55200,595140,242496,81383,257733,102372,45790,65.49
2021-05-25,2426045,571461,654605,170889,612285,105493,387043,60769,598574,238525,89309,253359,100701,51651,66.27
2021-06-01,2507073,592616,688608,170104,620704,111798,403072,57026,601096,235563,90312,282991,109833,54538,67.8
2021-06-08,2511533,594436,689937,165655,631107,102497,416686,45277,578552,240666,101576,296102,116939,66485,70.11
2021-06-15,2474859,592244,695366,165199,633977,110947,418130,35519,513379,246235,104890,318713,110012,62068,72.06
2021-06-22,2348317,485976,594338,162577,628653,111330,423778,49381,498407,246202,94438,317447,102600,54323,73.15
2021-06-29,2369631,509690,622062,164972,628684,111121,409136,53033,492734,255731,89344,321096,105151,51557,73.14
2021-07-06,2413946,544235,637952,164712,622357,113945,379903,54024,489930,260165,88693,350104,110952,56941,73.62
2021-07-13,2413536,548553,637058,161991,621041,109431,385078,56135,485091,251240,81087,363371,108781,60322,75.24
2021-07-20,2243475,481310,530111,163960,615695,102241,343853,63502,445112,249193,80804,354857,102949,51153,67.32
2021-07-27,2326985,557350,598467,161734,608506,108434,353278,75668,444917,248133,75979,361896,91243,53118,71.68
2021-08-03,2313202,542087,572187,159512,603770,116665,337498,77258,445693,245972,75685,371519,94256,50425,70.64
2021-08-10,2194794,488855,497428,156083,594029,102577,325266,77724,420958,230796,77925,373990,96269,50163,68.33
2021-08-17,2135698,461657,464875,156553,600589,94137,321982,72807,424917,216880,61732,368543,91029,48098,66.5
2021-08-24,2042879,440575,415453,157011,590155,88546,318887,78759,399686,209897,75713,342538,85739,52029,67.5
2021-08-31,2074185,470678,444458,158397,578930,90931,319625,80681,402770,196005,78421,346490,89289,51504,68.43
2021-09-07,2107706,505803,471976,154828,579906,95640,316871,81414,390711,189694,75993,361640,92519,50426,68.49
2021-09-14,2145165,534461,496325,152166,587490,92311,329804,71573,388935,182822,85989,371110,93556,51432,70.53
2021-09-21,2101558,484013,442239,150419,588373,94234,325231,79421,408208,181132,70964,367605,90716,50514,70.51
2021-09-28,2175199,494736,465779,145006,592843,99019,339873,81956,429892,187650,71753,379346,99677,54611,75.44
2021-10-05,2230794,476106,456736,140322,602951,110401,353154,75048,457342,195407,75206,394821,103241,58289,79.17
2021-10-12,2231227,483027,469938,132825,599598,105762,366395,72247,450923,197606,86978,389413,105276,56368,80.75
2021-10-19,2205089,457084,451622,133299,611942,108609,362657,61183,484301,203063,74943,358453,97623,54036,83.19
2021-10-26,2144359,439651,442867,133039,602235,121901,347075,55467,470401,203096,70986,328237,100959,52265,85.64
2021-11-02,2121461,445551,444784,134875,597158,124581,336559,58742,476784,212072,70596,296503,94536,52313,83.91
2021-11-09,2081385,448861,442706,131876,599995,124549,348456,52223,443028,204123,79044,284737,95755,55103,84.12
2021-11-16,2057633,453849,439236,135257,620194,121960,312775,41028,469193,197394,53356,263483,103722,49183,80.76
2021-11-23,2028573,465906,453941,131609,598539,116474,316079,47739,452715,194507,55190,254670,96613,49305,78.32
2021-11-30,2033286,459102,441184,129641,580444,121257,301458,67752,447048,210404,56876,249828,114548,68897,66.14
2021-12-07,1972536,478802,440237,126276,565272,119548,296637,70144,428549,195948,55209,244196,82580,49381,71.94
2021-12-14,1953397,496021,444776,123160,559932,120564,288931,77077,412930,194302,59019,230057,87432,49042,70.57
2021-12-21,1892701,500300,441360,119727,554483,120168,292183,75270,390329,186093,62751,200846,83055,47494,71.1
2021-12-28,1867339,470122,411258,118591,550547,122998,298738,64865,394887,171208,66652,205404,85391,50728,76.01
2022-01-04,1887131,479021,425137,118415,542255,121292,298199,64844,409425,164395,64925,208454,87930,50799,77.0
2022-01-11,1966615,512515,459452,114530,564533,99251,309691,51037,436858,174679,72828,227737,91354,54919,81.17
2022-01-18,2059564,550840,498242,110993,590643,97992,324378,44867,461914,178800,72530,231958,102689,61418,85.42
2022-01-25,2095994,531320,478567,109650,583049,108851,308832,44978,527294,183478,73917,228319,98250,51019,86.61
2022-02-01,2093735,490091,440135,107420,572034,121691,312271,43136,558029,175335,75566,229151,99747,53993,88.22
2022-02-08,2170681,530335,471178,106698,577999,125253,306282,45638,589264,174278,71539,232777,105794,57033,89.32
2022-02-15,2122758,523826,453137,107784,570473,135728,291400,37945,561344,167419,72781,232521,102736,58829,92.07
2022-02-22,2058132,506461,423381,116017,581988,120635,278790,45553,563719,163312,57508,208211,100987,57137,92.11
2022-03-01,2028476,496834,414095,115382,609076,117369,287396,43119,507146,177969,53583,226812,99568,57276,103.66
2022-03-08,1896974,472550,387055,114225,608529,109674,276775,41938,432474,178564,51736,212945,99767,52623,123.64
2022-03-15,1850794,474989,373114,111101,595578,114320,266577,42926,410064,178024,59860,211889,83830,43043,96.42
2022-03-22,1788211,431351,338509,114820,587742,108138,261939,45315,406042,174621,51276,208794,82506,42395,111.03
2022-03-29,1795929,431038,342364,116711,565547,107216,256790,44756,412093,163307,56610,223007,85767,44336,104.25
2022-04-05,1823366,453763,364722,113169,557645,114870,250332,44737,414591,162800,59801,222051,91790,44949,101.98
2022-04-12,1783725,466333,378039,112982,551879,109537,255201,47884,383839,156777,59316,205460,93596,47771,100.52
2022-04-19,1740300,443010,348967,111577,556872,107201,254661,47877,376030,156961,56048,199170,91690,48135,102.54
2022-04-26,1733586,416374,342067,110172,542800,109002,258898,37947,387603,154740,59628,210216,86581,44323,102.62
2022-05-03,1751564,398609,339617,109003,534208,112715,261383,36857,413044,158309,61134,208130,90371,45859,102.53
2022-05-10,1736594,423269,361002,69509,486255,121938,262116,40015,404406,153054,64352,211613,90689,47013,99.74
2022-05-17,1730665,430134,369751,66292,490544,114838,291322,27474,402326,124868,63079,212479,88406,50174,112.31
2022-05-24,1711863,413302,357310,67703,498322,103491,287463,29804,409667,135078,57976,209068,86091,46225,112.55
2022-05-31,1787928,448574,395459,66411,493287,107882,291899,26192,428649,129784,62515,225529,89200,48415,114.38
2022-06-07,1790618,444909,399000,65128,480070,112283,290174,26693,432315,133708,68933,219600,92501,51724,119.55
2022-06-14,1715674,431209,375268,68872,466467,104863,282212,32372,403080,127215,74109,207747,90476,51768,118.92
2022-06-21,1658636,429523,359598,68118,461958,97219,254988,38635,387774,133508,60359,200838,86668,52255,110.49
2022-06-28,1651566,431834,365903,64298,458167,103825,261002,35253,380248,135044,61101,194435,80880,52634,113.66
2022-07-05,1637862,421693,347105,62307,441112,117996,245861,54159,361006,149082,60261,198359,81558,57864,101.55
2022-07-12,1612803,409724,334775,62094,431569,118620,244944,44449,364918,130211,62378,199769,82523,56325,97.69
2022-07-19,1577616,409110,331630,59144,430313,112076,253328,41916,355828,121349,61670,193299,73482,50884,106.12
2022-07-26,1597451,418296,342647,62526,421664,114210,243710,43534,361306,124743,65659,192765,79895,55666,97.74
2022-08-02,1606910,434640,349767,62669,420408,119432,224177,45634,366706,137633,62424,187297,74356,55242,97.14
2022-08-09,1570131,466254,360385,63934,407876,106792,207962,58045,350528,130210,69476,167456,76995,49573,93.18
2022-08-16,1557349,463128,365551,66594,403462,109249,203553,68235,331571,143312,63690,161227,78715,54364,89.23
2022-08-23,1503506,433367,338761,59989,422851,102055,203267,42940,333621,138651,52758,159228,73328,51292,96.46
2022-08-30,1470207,413829,325026,62190,407241,112582,200782,53127,309448,131633,50099,162383,77360,50301,92.08
2022-09-06,1480320,413227,323419,64499,394724,121963,198513,53303,308817,127494,58226,166865,78942,53003,87.35
2022-09-13,1498059,417736,331529,63013,393227,119869,202300,43952,306356,138416,69707,174579,75790,58840,87.84
2022-09-20,1481545,410950,339694,64970,397794,113525,206193,41165,313259,136395,61545,163010,73243,51553,84.69
2022-09-27,1504991,415347,335011,63628,390836,119453,190822,51655,320755,143111,56198,176821,75054,54262,78.91
2022-10-04,1495538,401884,339383,62733,386088,122758,195247,36371,322140,136448,53325,182702,71626,52771,86.87
2022-10-11,1499498,406102,368939,68984,389773,109523,210330,32841,315347,134928,53197,177925,76359,51953,89.75
2022-10-18,1454431,381990,347146,69285,377886,117284,195314,47335,306897,140895,37329,170026,72740,50528,83.29
2022-10-25,1436942,383914,346957,66627,371610,115756,197343,43660,301891,137997,42601,163654,69760,50813,86.93
2022-11-01,1459052,404396,364180,64493,380470,107630,212424,43011,290806,133772,48376,173499,72032,51080,88.36
2022-11-08,1446658,384031,368730,68542,385168,99176,229598,43942,279799,138987,49853,168741,77784,51249,88.8
2022-11-15,1469437,386838,378215,69721,385739,105946,212532,46241,295161,149149,37173,173772,76318,47190,86.87
2022-11-22,1405565,340828,326381,74277,365718,93074,196423,49260,322821,124217,18905,180854,73071,48552,80.83
2022-11-29,1412121,338600,321096,74142,354300,99514,186206,46409,327906,119968,20026,189308,76477,53562,77.96
2022-12-06,1436728,338878,330978,78934,346387,102274,208273,64192,318820,121886,34247,185603,82060,54227,74.21
2022-12-13,1450482,345347,338784,82752,337062,106413,209842,65359,333412,117319,32243,176898,78499,60311,75.44
2022-12-20,1395622,322894,325589,75855,329718,97412,213065,50393,324628,113130,37611,175298,73340,54973,75.92
2022-12-27,1413545,319799,335286,76388,327455,101064,212511,43509,338698,112506,33890,178894,73685,54749,79.45
2023-01-03,1459936,342423,358368,81675,314770,103675,201793,62953,358718,121753,32986,174799,75100,53667,76.87
2023-01-10,1557092,390732,388261,85704,313677,107044,191544,62212,406118,115626,39722,187629,72695,52429,75.11
2023-01-17,1613466,411633,412805,83425,337852,104414,200164,41349,437259,119377,38974,183485,73709,57328,80.25
2023-01-24,1660450,435541,438991,78899,348695,100461,197545,34535,447040,130935,44146,190022,80007,56560,79.86
2023-01-31,1726378,441249,446838,80633,341666,107322,206008,48582,471969,129066,42672,203260,86871,64069,78.95
2023-02-07,1791955,489696,485946,81291,329589,103273,207741,61735,489080,124221,46076,206504,90149,69752,77.17
2023-02-14,1821601,535967,543826,80817,320328,95815,218288,54509,501074,116953,53191,189643,83044,63215,79.08
2023-02-21,1756029,520853,519670,79699,322179,92082,199714,65678,484620,122908,37273,176048,80105,58479,76.28
2023-02-28,1750212,508284,508521,80450,311511,99489,210034,70080,480935,117121,41761,174262,79637,63653,76.88
2023-03-07,1755027,507632,512178,70763,300706,99272,206873,59936,487024,112266,52302,186200,84997,57409,77.45
2023-03-14,1767660,517997,510546,75261,295345,102040,185607,89321,483236,116920,36987,188181,98418,62004,71.18
2023-03-21,1791902,551450,498758,70174,301770,97436,178905,126758,474719,124435,22241,207593,87190,62627,69.4
2023-03-28,1785807,513790,473999,65845,297252,100573,174327,76400,515552,115326,32184,220104,80290,69743,73.12
2023-04-04,1858446,523061,501689,66447,327789,111375,200741,34478,548725,106774,46910,226419,74904,61061,80.7
2023-04-11,1875140,526256,510235,68932,340364,105403,212632,24338,555431,97365,50027,226740,82381,62602,81.54
2023-04-18,1913192,527602,525253,75090,350686,96572,221223,29482,596239,100910,48076,211070,84486,55814,80.85
2023-04-25,1826195,497975,509700,80168,339640,96066,215016,40926,513192,108815,46467,228144,86819,52060,77.05
2023-05-02,1908299,549363,561327,84866,325807,103309,188610,56779,523990,135127,52113,230853,92181,54121,71.71
2023-05-09,1885886,563469,561221,84884,326588,105541,209337,62081,493800,128818,59446,215316,84721,61893,73.68
2023-05-16,1856570,533225,519193,90236,319880,107175,209384,77714,495673,118587,58788,217922,84368,60225,70.85
2023-05-23,1847901,525835,505442,80479,318258,99431,196246,76588,522963,121354,47893,218893,82700,58433,72.87
2023-05-30,1920740,547149,514596,82692,308122,114349,185237,106797,523210,136848,52697,242226,89029,58743,69.45
